source,Lake,County,Lake_County
LW,NA,NA,NA_NA
FWC,ADMINISTRATION,LAKE,ADMINISTRATION_LAKE
FWC,ADMINISTRATION,POLK,ADMINISTRATION_POLK
FWC,ALAFIA RIVER,HILLSBOROUGH,ALAFIA RIVER_HILLSBOROUGH
FWC,ALEXANDER SPRINGS,LAKE,ALEXANDER SPRINGS_LAKE
FWC,ALFRED,POLK,ALFRED_POLK
FWC,ALLIGATOR,COLUMBIA,ALLIGATOR_COLUMBIA
FWC,ANCLOTE RIVER,PASCO,ANCLOTE RIVER_PASCO
FWC,APALACHICOLA RIVER,FRANKLIN,APALACHICOLA RIVER_FRANKLIN
FWC,APOPKA,ORANGE,APOPKA_ORANGE
FWC,ARBUCKLE CREEK,HIGHLANDS,ARBUCKLE CREEK_HIGHLANDS
FWC,AUCILLA RIVER,JEFFERSON,AUCILLA RIVER_JEFFERSON
FWC,BAKER CREEK,HILLSBOROUGH,BAKER CREEK_HILLSBOROUGH
FWC,BLACKWATER RIVER,SANTA ROSA,BLACKWATER RIVER_SANTA ROSA
FWC,BOGGY CREEK,NASSAU,BOGGY CREEK_NASSAU
FWC,BRADEN RIVER,MANATEE,BRADEN RIVER_MANATEE
FWC,BUCKEYE,POLK,BUCKEYE_POLK
FWC,BUGG SPRINGS,LAKE,BUGG SPRINGS_LAKE
FWC,BULOW CREEK,FLAGLER,BULOW CREEK_FLAGLER
FWC,BYSTRE,HERNANDO,BYSTRE_HERNANDO
FWC,C-XVIII WATERSHED,PALM BEACH,C-XVIII WATERSHED_PALM BEACH
FWC,CARLTON,LAKE,CARLTON_LAKE
FWC,CARTER ROAD,POLK,CARTER ROAD_POLK
FWC,CATFISH CREEK,HIGHLANDS,CATFISH CREEK_HIGHLANDS
FWC,CHASSAHOWITZKA RIVER,CITRUS,CHASSAHOWITZKA RIVER_CITRUS
FWC,CHERRY,MADISON,CHERRY_MADISON
FWC,CLARK,BREVARD,CLARK_BREVARD
FWC,CLARKE,PALM BEACH,CLARKE_PALM BEACH
FWC,COLBY,VOLUSIA,COLBY_VOLUSIA
FWC,CROOKED RIVER,FRANKLIN,CROOKED RIVER_FRANKLIN
FWC,CROSS FLORIDA BARGE CANAL,PUTNAM,CROSS FLORIDA BARGE CANAL_PUTNAM
FWC,CRYSTAL AND BLUES,MARION,CRYSTAL AND BLUES_MARION
FWC,CRYSTAL RIVER,CITRUS,CRYSTAL RIVER_CITRUS
FWC,CRYSTAL SPRINGS FMA,DUVAL,CRYSTAL SPRINGS FMA_DUVAL
FWC,CRYSTAL,POLK,CRYSTAL_POLK
FWC,DAL HOUSIE,LAKE,DAL HOUSIE_LAKE
FWC,DAVIS,BAY,DAVIS_BAY
FWC,DAVIS,ORANGE,DAVIS_ORANGE
FWC,DEAD RIVER,LAKE,DEAD RIVER_LAKE
FWC,DEESON,POLK,DEESON_POLK
FWC,DELEON SPRINGS ST PARK WETLANDS,VOLUSIA,DELEON SPRINGS ST PARK WETLANDS_VOLUSIA
FWC,DIAS,VOLUSIA,DIAS_VOLUSIA
FWC,EAGLE,POLK,EAGLE_POLK
FWC,EAGLE FMA,HAMILTON,EAGLE FMA_HAMILTON
FWC,EAST TOHOPEKALIGA,OSCEOLA,EAST TOHOPEKALIGA_OSCEOLA
FWC,ECHO,POLK,ECHO_POLK
FWC,ECONFINA RIVER,TAYLOR,ECONFINA RIVER_TAYLOR
FWC,ECONLOCKHATCHEE RIVER,SEMINOLE,ECONLOCKHATCHEE RIVER_SEMINOLE
FWC,ED MEDARD RESERVOIR,HILLSBOROUGH,ED MEDARD RESERVOIR_HILLSBOROUGH
FWC,EGLINS FMA,OKALOOSA,EGLINS FMA_OKALOOSA
FWC,ELBOW CREEK,BREVARD,ELBOW CREEK_BREVARD
FWC,ELLA,LAKE,ELLA_LAKE
FWC,FISHEATING CREEK,GLADES,FISHEATING CREEK_GLADES
FWC,FRANCIS,MADISON,FRANCIS_MADISON
FWC,FT. MEADE PITS,POLK,FT. MEADE PITS_POLK
FWC,GANT AND CANAL,SUMTER,GANT AND CANAL_SUMTER
FWC,GATOR,POLK,GATOR_POLK
FWC,GEMINI SPRINGS,VOLUSIA,GEMINI SPRINGS_VOLUSIA
FWC,GRADY,HILLSBOROUGH,GRADY_HILLSBOROUGH
FWC,GRASSY,POLK,GRASSY_POLK
FWC,GRIFFIN,LAKE,GRIFFIN_LAKE
FWC,GUANA RIVER,SAINT JOHNS,GUANA RIVER_SAINT JOHNS
FWC,HAINES CREEK,LAKE,HAINES CREEK_LAKE
FWC,HALF MOON,MARION,HALF MOON_MARION
FWC,HALLS RIVER,CITRUS,HALLS RIVER_CITRUS
FWC,HELENA RUN,LAKE,HELENA RUN_LAKE
FWC,HELLEN-BLAZES,BREVARD,HELLEN-BLAZES_BREVARD
FWC,HIAWATHA,LAKE,HIAWATHA_LAKE
FWC,HICPOCHEE,GLADES,HICPOCHEE_GLADES
FWC,HILLSBOROUGH RIVER,HILLSBOROUGH,HILLSBOROUGH RIVER_HILLSBOROUGH
FWC,HOMESTEAD FS WATERWAYS,MIAMI-DADE,HOMESTEAD FS WATERWAYS_MIAMI-DADE
FWC,HOMOSASSA RIVER,CITRUS,HOMOSASSA RIVER_CITRUS
FWC,HUNT,LAKE,HUNT_LAKE
FWC,ICHETUCKNEE RIVER,COLUMBIA,ICHETUCKNEE RIVER_COLUMBIA
FWC,IDA,PALM BEACH,IDA_PALM BEACH
FWC,JACKS CREEK,HIGHLANDS,JACKS CREEK_HIGHLANDS
FWC,JACKSON CREEK,HIGHLANDS,JACKSON CREEK_HIGHLANDS
FWC,JOHNSON,ALACHUA,JOHNSON_ALACHUA
FWC,JOSEPHINE CREEK,HIGHLANDS,JOSEPHINE CREEK_HIGHLANDS
FWC,JUMPER,MARION,JUMPER_MARION
FWC,JUNIETTA,LAKE,JUNIETTA_LAKE
FWC,KISSIMMEE RIVER,OSCEOLA,KISSIMMEE RIVER_OSCEOLA
FWC,LAFAYETTE,LEON,LAFAYETTE_LEON
FWC,LAURIE,GADSDEN,LAURIE_GADSDEN
FWC,LENA,POLK,LENA_POLK
FWC,LITTLE MANATEE RIVER,HILLSBOROUGH,LITTLE MANATEE RIVER_HILLSBOROUGH
FWC,LITTLE SANTA FE,ALACHUA,LITTLE SANTA FE_ALACHUA
FWC,LITTLE WEKIVA RIVER,SEMINOLE,LITTLE WEKIVA RIVER_SEMINOLE
FWC,LOFTON CREEK,NASSAU,LOFTON CREEK_NASSAU
FWC,LOUGHMAN,BREVARD,LOUGHMAN_BREVARD
FWC,LOWERY FMA,CLAY,LOWERY FMA_CLAY
FWC,LOXAHATCHEE RIVER,PALM BEACH,LOXAHATCHEE RIVER_PALM BEACH
FWC,LULLWATER,BAY,LULLWATER_BAY
FWC,MACY,VOLUSIA,MACY_VOLUSIA
FWC,MAGNOLIA FMA,CLAY,MAGNOLIA FMA_CLAY
FWC,MANATEE RIVER,MANATEE,MANATEE RIVER_MANATEE
FWC,MARIAM,POLK,MARIAM_POLK
FWC,MARTHA,POLK,MARTHA_POLK
FWC,MARTIN BAYOU,BAY,MARTIN BAYOU_BAY
FWC,MCGARITY,VOLUSIA,MCGARITY_VOLUSIA
FWC,MCKETHAN,HERNANDO,MCKETHAN_HERNANDO
FWC,MERRITTS MILL POND,JACKSON,MERRITTS MILL POND_JACKSON
FWC,MIDDLE,PASCO,MIDDLE_PASCO
FWC,MILL DAM,MARION,MILL DAM_MARION
FWC,MILLER,VOLUSIA,MILLER_VOLUSIA
FWC,MILLS CREEK,NASSAU,MILLS CREEK_NASSAU
FWC,MINZIE,POLK,MINZIE_POLK
FWC,MIZELL,ORANGE,MIZELL_ORANGE
FWC,MOSS LEE,PUTNAM,MOSS LEE_PUTNAM
FWC,MUD,POLK,MUD_POLK
FWC,MYAKKA RIVER,SARASOTA,MYAKKA RIVER_SARASOTA
FWC,MYSTIC,MADISON,MYSTIC_MADISON
FWC,NASSAU RIVER,NASSAU,NASSAU RIVER_NASSAU
FWC,NEW RIVER,UNION,NEW RIVER_UNION
FWC,NINA,ORANGE,NINA_ORANGE
FWC,OCEAN POND,BAKER,OCEAN POND_BAKER
FWC,OCKLAWAHA RIVER,MARION,OCKLAWAHA RIVER_MARION
FWC,OKEECHOBEE,OKEECHOBEE,OKEECHOBEE_OKEECHOBEE
FWC,OSCEOLA,ORANGE,OSCEOLA_ORANGE
FWC,OTIS,POLK,OTIS_POLK
FWC,PALATLAKAHA RIVER,LAKE,PALATLAKAHA RIVER_LAKE
FWC,PEACE RIVER,HARDEE,PEACE RIVER_HARDEE
FWC,PINE,PALM BEACH,PINE_PALM BEACH
FWC,PLUMMERS CREEK,NASSAU,PLUMMERS CREEK_NASSAU
FWC,RACHEL,HAMILTON,RACHEL_HAMILTON
FWC,RAINBOW RIVER,MARION,RAINBOW RIVER_MARION
FWC,RED WATER,HIGHLANDS,RED WATER_HIGHLANDS
FWC,REEDY CREEK,OSCEOLA,REEDY CREEK_OSCEOLA
FWC,ROCK SPRING RUN,ORANGE,ROCK SPRING RUN_ORANGE
FWC,ROCKY CREEK,HILLSBOROUGH,ROCKY CREEK_HILLSBOROUGH
FWC,RUSSELL,OSCEOLA,RUSSELL_OSCEOLA
FWC,RUTH,BREVARD,RUTH_BREVARD
FWC,SADDLEBACK,POLK,SADDLEBACK_POLK
FWC,SALT,BREVARD,SALT_BREVARD
FWC,SALT SPRINGS RUN,MARION,SALT SPRINGS RUN_MARION
FWC,SANTA FE RIVER,COLUMBIA,SANTA FE RIVER_COLUMBIA
FWC,SAWGRASS,BREVARD,SAWGRASS_BREVARD
FWC,SEARS,POLK,SEARS_POLK
FWC,SELLERS,LAKE,SELLERS_LAKE
FWC,SHELL CREEK,CHARLOTTE,SHELL CREEK_CHARLOTTE
FWC,SHELL/PRAIRIE CREEK RES.,CHARLOTTE,SHELL/PRAIRIE CREEK RES._CHARLOTTE
FWC,SHINGLE CREEK,OSCEOLA,SHINGLE CREEK_OSCEOLA
FWC,SILVER RIVER,MARION,SILVER RIVER_MARION
FWC,SILVER,MARION,SILVER_MARION
FWC,SMITH,WASHINGTON,SMITH_WASHINGTON
FWC,SNEADS SMOKEHOUSE,JEFFERSON,SNEADS SMOKEHOUSE_JEFFERSON
FWC,ST. JOHNS RIVER,SAINT JOHNS,ST. JOHNS RIVER_SAINT JOHNS
FWC,ST. JOHNS RIVER,SAINTJOHNS,ST. JOHNS RIVER_SAINTJOHNS
FWC,ST. MARYS RIVER,NASSAU,ST. MARYS RIVER_NASSAU
FWC,STARKE,ORANGE,STARKE_ORANGE
FWC,STEARNS CREEK,HIGHLANDS,STEARNS CREEK_HIGHLANDS
FWC,SURVEYORS,POLK,SURVEYORS_POLK
FWC,SUWANNEE FMA,SUWANNEE,SUWANNEE FMA_SUWANNEE
FWC,SUWANNEE RIVER,DIXIE,SUWANNEE RIVER_DIXIE
FWC,SWIFT CREEK,UNION,SWIFT CREEK_UNION
FWC,SWOOPE,POLK,SWOOPE_POLK
FWC,TENNESSEE,POLK,TENNESSEE_POLK
FWC,TENOROC PITS,POLK,TENOROC PITS_POLK
FWC,THOMAS CREEK,NASSAU,THOMAS CREEK_NASSAU
FWC,THOMAS,POLK,THOMAS_POLK
FWC,TM GOODWIN WMA,BREVARD,TM GOODWIN WMA_BREVARD
FWC,TOHOPEKALIGA,OSCEOLA,TOHOPEKALIGA_OSCEOLA
FWC,TOWNSEND,LAFAYETTE,TOWNSEND_LAFAYETTE
FWC,TRIPLET,SEMINOLE,TRIPLET_SEMINOLE
FWC,TSALA APOPKA,CITRUS,TSALA APOPKA_CITRUS
FWC,TUCKER,ORANGE,TUCKER_ORANGE
FWC,TULANE,HIGHLANDS,TULANE_HIGHLANDS
FWC,TURKEY,ORANGE,TURKEY_ORANGE
FWC,TWINS,POLK,TWINS_POLK
FWC,UPPER TAYLOR CREEK,OKEECHOBEE,UPPER TAYLOR CREEK_OKEECHOBEE
FWC,WACISSA RIVER,JEFFERSON,WACISSA RIVER_JEFFERSON
FWC,WAKULLA RIVER,WAKULLA,WAKULLA RIVER_WAKULLA
FWC,WATERMELLON POND,ALACHUA,WATERMELLON POND_ALACHUA
FWC,WATERTOWN,COLUMBIA,WATERTOWN_COLUMBIA
FWC,WAUSEON BAY,ORANGE,WAUSEON BAY_ORANGE
FWC,WEEKI WACHEE RIVER,HERNANDO,WEEKI WACHEE RIVER_HERNANDO
FWC,WEKIVA RIVER,ORANGE,WEKIVA RIVER_ORANGE
FWC,WILSON,LAKE,WILSON_LAKE
FWC,WINDER,BREVARD,WINDER_BREVARD
FWC,WINTERSET,POLK,WINTERSET_POLK
FWC,WITHLACOOCHEE RIVER,CITRUS,WITHLACOOCHEE RIVER_CITRUS
FWC,WITHLACOOCHEE RIVER,HAMILTON,WITHLACOOCHEE RIVER_HAMILTON
FWC,WOOD,HILLSBOROUGH,WOOD_HILLSBOROUGH
FWC,WOODRUF,VOLUSIA,WOODRUF_VOLUSIA
FWC,AIRPORT PULLING ROAD CANAL,COLLIER,AIRPORT PULLING ROAD CANAL_COLLIER
FWC,ANSIN EAST IMPOUNDMENT,INDIAN RIVER,ANSIN EAST IMPOUNDMENT_INDIAN RIVER
FWC,APALACHEE WILDLIFE MANAGEMENT AREA,JACKSON,APALACHEE WILDLIFE MANAGEMENT AREA_JACKSON
FWC,APALACHICOLA NF EPHEMERAL PONDS,LIBERTY,APALACHICOLA NF EPHEMERAL PONDS_LIBERTY
FWC,AUGUST,HIGHLANDS,AUGUST_HIGHLANDS
FWC,BAY COUNTY SALVINIA AREAS,BAY,BAY COUNTY SALVINIA AREAS_BAY
FWC,BAYMEADOWS FMA,DUVAL,BAYMEADOWS FMA_DUVAL
FWC,BAYOU CHICO,ESCAMBIA,BAYOU CHICO_ESCAMBIA
FWC,BETHESDA FMA,DUVAL,BETHESDA FMA_DUVAL
FWC,BILL EVERS RESERVOIR,MANATEE,BILL EVERS RESERVOIR_MANATEE
FWC,BLUE SPRINGS STATE PARK MARSH,VOLUSIA,BLUE SPRINGS STATE PARK MARSH_VOLUSIA
FWC,BOBBY HICKS POND,HILLSBOROUGH,BOBBY HICKS POND_HILLSBOROUGH
FWC,BONNET,HIGHLANDS,BONNET_HIGHLANDS
FWC,BRYANT,MARION,BRYANT_MARION
FWC,CALOOSAHATCHEE RIVER,LEE,CALOOSAHATCHEE RIVER_LEE
FWC,CHARLES,MARION,CHARLES_MARION
FWC,CHIPOLA RIVER,JACKSON,CHIPOLA RIVER_JACKSON
FWC,CHOCTAWHATCHEE RIVER,WALTON,CHOCTAWHATCHEE RIVER_WALTON
FWC,CLEARWATER,PUTNAM,CLEARWATER_PUTNAM
FWC,COCOHATCHEE CANAL,COLLIER,COCOHATCHEE CANAL_COLLIER
FWC,CORBETT WMA PONDS,PALM BEACH,CORBETT WMA PONDS_PALM BEACH
FWC,CORKSCREW MARSH,COLLIER,CORKSCREW MARSH_COLLIER
FWC,CYPRESS,VOLUSIA,CYPRESS_VOLUSIA
FWC,DUPUIS MANAGEMENT AREA,MARTIN,DUPUIS MANAGEMENT AREA_MARTIN
FWC,EASY,POLK,EASY_POLK
FWC,EGLIN EPHEMERAL PONDS,OKALOOSA,EGLIN EPHEMERAL PONDS_OKALOOSA
FWC,EVERGLADES WMA,PALM BEACH,EVERGLADES WMA_PALM BEACH
FWC,FELLSMERE RESERVOIR AREA SGA,INDIAN RIVER,FELLSMERE RESERVOIR AREA SGA_INDIAN RIVER
FWC,FERRY PASS POND,ESCAMBIA,FERRY PASS POND_ESCAMBIA
FWC,FLINT ROCK WILDLIFE MGMT AREA EPHEMERAL PONDS,WAKULLA,FLINT ROCK WILDLIFE MGMT AREA EPHEMERAL PONDS_WAKULLA
FWC,FRANK BROWN FMA,BAY,FRANK BROWN FMA_BAY
FWC,FWC PALM BEACH COUNTY SHOOTING SPORTS PARK,PALM BEACH,FWC PALM BEACH COUNTY SHOOTING SPORTS PARK_PALM BEACH
FWC,GARCON POINT WMA,SANTA ROSA,GARCON POINT WMA_SANTA ROSA
FWC,GARNIER CREEK,SANTA ROSA,GARNIER CREEK_SANTA ROSA
FWC,GENEVA,CLAY,GENEVA_CLAY
FWC,GRANDIN,PUTNAM,GRANDIN_PUTNAM
FWC,HALPATIOKEE REGIONAL PARKS,MARTIN,HALPATIOKEE REGIONAL PARKS_MARTIN
FWC,HAMPTON,BRADFORD,HAMPTON_BRADFORD
FWC,HANNA PARK FMA,DUVAL,HANNA PARK FMA_DUVAL
FWC,HARDEES FMA,HARDEE,HARDEES FMA_HARDEE
FWC,HILOCHEE WMA,LAKE,HILOCHEE WMA_LAKE
FWC,HOLEY LAND WMA,PALM BEACH,HOLEY LAND WMA_PALM BEACH
FWC,HUCKLEBERRY CREEK,FRANKLIN,HUCKLEBERRY CREEK_FRANKLIN
FWC,HUNGRYLAND WEA,MARTIN,HUNGRYLAND WEA_MARTIN
FWC,IDYL,POLK,IDYL_POLK
FWC,JOE BUDD POND,GADSDEN,JOE BUDD POND_GADSDEN
FWC,JONES LOOP RD RIGHT-OF-WAY,CHARLOTTE,JONES LOOP RD RIGHT-OF-WAY_CHARLOTTE
FWC,KISSIMMEE PRAIRIE PRESERVE,OKEECHOBEE,KISSIMMEE PRAIRIE PRESERVE_OKEECHOBEE
FWC,LANG FMA,HAMILTON,LANG FMA_HAMILTON
FWC,LITTLE FISH,ORANGE,LITTLE FISH_ORANGE
FWC,LITTLE BONNET,HIGHLANDS,LITTLE BONNET_HIGHLANDS
FWC,LITTLE SAWGRASS,BREVARD,LITTLE SAWGRASS_BREVARD
FWC,LOWER TAYLOR CREEK,OKEECHOBEE,LOWER TAYLOR CREEK_OKEECHOBEE
FWC,MAGGIORE,PINELLAS,MAGGIORE_PINELLAS
FWC,MECCA FARMS,PALM BEACH,MECCA FARMS_PALM BEACH
FWC,MYAKKA RIVER SP WETLANDS,SARASOTA,MYAKKA RIVER SP WETLANDS_SARASOTA
FWC,NELSON SPRINGS RUN,VOLUSIA,NELSON SPRINGS RUN_VOLUSIA
FWC,OCEANWAY FMA,DUVAL,OCEANWAY FMA_DUVAL
FWC,OCHEESEE POND,JACKSON,OCHEESEE POND_JACKSON
FWC,OCKLAWAHA PRAIRIE RESTORATION AREA,MARION,OCKLAWAHA PRAIRIE RESTORATION AREA_MARION
FWC,OKEEHEELEE PARK,PALM BEACH,OKEEHEELEE PARK_PALM BEACH
FWC,ORANGE CREEK CONSERVATION AREA,ALACHUA,ORANGE CREEK CONSERVATION AREA_ALACHUA
FWC,OSCAR SCHERER STAE PARK,SARASOTA,OSCAR SCHERER STAE PARK_SARASOTA
FWC,OSCEOLA NATIONAL FOREST EPHEMERAL PONDS,COLUMBIA,OSCEOLA NATIONAL FOREST EPHEMERAL PONDS_COLUMBIA
FWC,PANAMA CITY CRAYFISH WETLANDS,BAY,PANAMA CITY CRAYFISH WETLANDS_BAY
FWC,PAYNES PRAIRIE,ALACHUA,PAYNES PRAIRIE_ALACHUA
FWC,PEACE POND,HIGHLANDS,PEACE POND_HIGHLANDS
FWC,PINE MEADOWS RESTORATION AREA,LAKE,PINE MEADOWS RESTORATION AREA_LAKE
FWC,POINCIANA PONDS & CANALS,POLK,POINCIANA PONDS & CANALS_POLK
FWC,POPE DUVAL EAST FMA,DUVAL,POPE DUVAL EAST FMA_DUVAL
FWC,POPE DUVAL WEST FMA,DUVAL,POPE DUVAL WEST FMA_DUVAL
FWC,PRAIRIE CREEK,CHARLOTTE,PRAIRIE CREEK_CHARLOTTE
FWC,PRIMA VISTA,ORANGE,PRIMA VISTA_ORANGE
FWC,PUZZLE,SEMINOLE,PUZZLE_SEMINOLE
FWC,ROTENBERGER WMA,PALM BEACH,ROTENBERGER WMA_PALM BEACH
FWC,SADDLE CREEK FMA,POLK,SADDLE CREEK FMA_POLK
FWC,SANIBEL RIVER SLOUGH,LEE,SANIBEL RIVER SLOUGH_LEE
FWC,SAVANNAS PRESERVE STATE PARK,SAINT LUCIE,SAVANNAS PRESERVE STATE PARK_SAINT LUCIE
FWC,ST. AUGUSTINE FMA,DUVAL,ST. AUGUSTINE FMA_DUVAL
FWC,ST. LUCIE RIVER,SAINT LUCIE,ST. LUCIE RIVER_SAINT LUCIE
FWC,ST. MARKS RIVER,WAKULLA,ST. MARKS RIVER_WAKULLA
FWC,STONE,ESCAMBIA,STONE_ESCAMBIA
FWC,TEAGUE HAMMOCK PRESERVE,SAINT LUCIE,TEAGUE HAMMOCK PRESERVE_SAINT LUCIE
FWC,TM GOODWIN-BROADMOOR MARSH,BREVARD,TM GOODWIN-BROADMOOR MARSH_BREVARD
FWC,TROPICAL PARK FMA,MIAMI-DADE,TROPICAL PARK FMA_MIAMI-DADE
FWC,VICTOR FMA,HOLMES,VICTOR FMA_HOLMES
FWC,WATER CONSERVATION AREAS,BROWARD,WATER CONSERVATION AREAS_BROWARD
FWC,WATERMELON POND,ALACHUA,WATERMELON POND_ALACHUA
FWC,WESTERN,WALTON,WESTERN_WALTON
FWC,WILD TURKEY STRAND PRESERVE,LEE,WILD TURKEY STRAND PRESERVE_LEE
FWC,WILLIAM SHEFFIELD,CLAY,WILLIAM SHEFFIELD_CLAY
FWC,YELLOW FEVER CREEK,LEE,YELLOW FEVER CREEK_LEE
FWC,ZOO MIAMIS,MIAMI-DADE,ZOO MIAMIS_MIAMI-DADE
LW,ALICE,ALACHUA,ALICE_ALACHUA
FWC,NA,NA,NA_NA
LW,BIVANS ARM,ALACHUA,BIVANS ARM_ALACHUA
LW,BONNET,ALACHUA,BONNET_ALACHUA
LW,CALF POND,ALACHUA,CALF POND_ALACHUA
LW,CLEAR,ALACHUA,CLEAR_ALACHUA
LW,DEAN POND,ALACHUA,DEAN POND_ALACHUA
LW,DEEP SPRING POND,ALACHUA,DEEP SPRING POND_ALACHUA
LW,ELIZABETH,ALACHUA,ELIZABETH_ALACHUA
LW,GWYNN OAKS,ALACHUA,GWYNN OAKS_ALACHUA
LW,HAMMOCKS,ALACHUA,HAMMOCKS_ALACHUA
LW,HIDDEN,ALACHUA,HIDDEN_ALACHUA
LW,HOLLY FOREST,ALACHUA,HOLLY FOREST_ALACHUA
LW,IRONWOOD A,ALACHUA,IRONWOOD A_ALACHUA
LW,IRONWOOD B,ALACHUA,IRONWOOD B_ALACHUA
LW,IRONWOOD C,ALACHUA,IRONWOOD C_ALACHUA
LW,IRONWOOD D,ALACHUA,IRONWOOD D_ALACHUA
LW,IRONWOOD E,ALACHUA,IRONWOOD E_ALACHUA
LW,IRONWOOD F,ALACHUA,IRONWOOD F_ALACHUA
LW,IRONWOOD G,ALACHUA,IRONWOOD G_ALACHUA
LW,IRONWOOD H,ALACHUA,IRONWOOD H_ALACHUA
LW,JOHNSON POND,ALACHUA,JOHNSON POND_ALACHUA
LW,KINGSWOOD,ALACHUA,KINGSWOOD_ALACHUA
LW,LITTLE SANTA FE,ALACHUA,LITTLE SANTA FE_ALACHUA
LW,MELROSE BAY,ALACHUA,MELROSE BAY_ALACHUA
LW,META,ALACHUA,META_ALACHUA
LW,MIZE,ALACHUA,MIZE_ALACHUA
LW,MOON,ALACHUA,MOON_ALACHUA
LW,MOSS,ALACHUA,MOSS_ALACHUA
LW,POTANO PONDS,ALACHUA,POTANO PONDS_ALACHUA
LW,SANTA FE-BARRICADE,ALACHUA,SANTA FE-BARRICADE_ALACHUA
LW,SANTA FE-CANAL MOUTH,ALACHUA,SANTA FE-CANAL MOUTH_ALACHUA
LW,SANTA FE-PAINTER CANAL,ALACHUA,SANTA FE-PAINTER CANAL_ALACHUA
LW,WATERMELON POND,ALACHUA,WATERMELON POND_ALACHUA
LW,LULLWATER,BAY,LULLWATER_BAY
LW,MARIN,BAY,MARIN_BAY
LW,POWELL,BAY,POWELL_BAY
LW,POWELL SOUTH,BAY,POWELL SOUTH_BAY
LW,BEDFORD,BRADFORD,BEDFORD_BRADFORD
LW,BOLT,BRADFORD,BOLT_BRADFORD
LW,DEVALERIO,BRADFORD,DEVALERIO_BRADFORD
LW,PARADISE,BRADFORD,PARADISE_BRADFORD
LW,PARADISE WEST,BRADFORD,PARADISE WEST_BRADFORD
LW,SILVER,BRADFORD,SILVER_BRADFORD
LW,CLARK,BREVARD,CLARK_BREVARD
LW,CLEAR,BREVARD,CLEAR_BREVARD
LW,FOREST,BREVARD,FOREST_BREVARD
LW,HOLLADAY POND,BREVARD,HOLLADAY POND_BREVARD
LW,PALM,BREVARD,PALM_BREVARD
LW,PARKWAY MEADOWS,BREVARD,PARKWAY MEADOWS_BREVARD
LW,SOUTH-CANAL,BREVARD,SOUTH-CANAL_BREVARD
LW,TIMBER,BREVARD,TIMBER_BREVARD
LW,VALKARIA,BREVARD,VALKARIA_BREVARD
LW,YANCEY,BREVARD,YANCEY_BREVARD
LW,ALEX,BROWARD,ALEX_BROWARD
LW,BONNET SLOUGH,BROWARD,BONNET SLOUGH_BROWARD
LW,CLIFF,BROWARD,CLIFF_BROWARD
LW,CROSSBOW,BROWARD,CROSSBOW_BROWARD
LW,DELEVOE,BROWARD,DELEVOE_BROWARD
LW,DESOTO,BROWARD,DESOTO_BROWARD
LW,E,BROWARD,E_BROWARD
LW,EAST,BROWARD,EAST_BROWARD
LW,ESTANCIA,BROWARD,ESTANCIA_BROWARD
LW,ESTATES OF FT. LAUDERDALE,BROWARD,ESTATES OF FT. LAUDERDALE_BROWARD
LW,EVERGLADES,BROWARD,EVERGLADES_BROWARD
LW,FLAMINGO,BROWARD,FLAMINGO_BROWARD
LW,FLAMINGO 2,BROWARD,FLAMINGO 2_BROWARD
LW,HELEN,BROWARD,HELEN_BROWARD
LW,HERITAGE,BROWARD,HERITAGE_BROWARD
LW,HOLIDAY PARK,BROWARD,HOLIDAY PARK_BROWARD
LW,JACARANDA 13,BROWARD,JACARANDA 13_BROWARD
LW,JACARANDA 4,BROWARD,JACARANDA 4_BROWARD
LW,LONG,BROWARD,LONG_BROWARD
LW,MARKHAM,BROWARD,MARKHAM_BROWARD
LW,MELVA,BROWARD,MELVA_BROWARD
LW,NORTH,BROWARD,NORTH_BROWARD
LW,QUIET WATERS,BROWARD,QUIET WATERS_BROWARD
LW,RILEY,BROWARD,RILEY_BROWARD
LW,ROCK CREEK,BROWARD,ROCK CREEK_BROWARD
LW,ROYAL PALM,BROWARD,ROYAL PALM_BROWARD
LW,SENECA,BROWARD,SENECA_BROWARD
LW,SILVER,BROWARD,SILVER_BROWARD
LW,SILVER 3,BROWARD,SILVER 3_BROWARD
LW,SOUTH,BROWARD,SOUTH_BROWARD
LW,STERLING,BROWARD,STERLING_BROWARD
LW,TARPON,BROWARD,TARPON_BROWARD
LW,TREE TOPS,BROWARD,TREE TOPS_BROWARD
LW,TYRANO,BROWARD,TYRANO_BROWARD
LW,WCA-3,BROWARD,WCA-3_BROWARD
LW,WEST,BROWARD,WEST_BROWARD
LW,WESTPORT 1,BROWARD,WESTPORT 1_BROWARD
LW,WESTPORT 2,BROWARD,WESTPORT 2_BROWARD
LW,WINDERMERE,BROWARD,WINDERMERE_BROWARD
LW,AQUARIUS,CHARLOTTE,AQUARIUS_CHARLOTTE
LW,BROADMOOR 1,CHARLOTTE,BROADMOOR 1_CHARLOTTE
LW,BROADMOOR 2,CHARLOTTE,BROADMOOR 2_CHARLOTTE
LW,BROADMOOR CREEK,CHARLOTTE,BROADMOOR CREEK_CHARLOTTE
LW,BROADMOOR RIVER,CHARLOTTE,BROADMOOR RIVER_CHARLOTTE
LW,BUCK CREEK WEIR,CHARLOTTE,BUCK CREEK WEIR_CHARLOTTE
LW,BUTTERFORD,CHARLOTTE,BUTTERFORD_CHARLOTTE
LW,CASA DE MEADOWS,CHARLOTTE,CASA DE MEADOWS_CHARLOTTE
LW,LAGOON,CHARLOTTE,LAGOON_CHARLOTTE
LW,LOCK,CHARLOTTE,LOCK_CHARLOTTE
LW,LONGMEADOW RIVER,CHARLOTTE,LONGMEADOW RIVER_CHARLOTTE
LW,MARINA,CHARLOTTE,MARINA_CHARLOTTE
LW,OAKLAND HILLS END,CHARLOTTE,OAKLAND HILLS END_CHARLOTTE
LW,OAKLAND HILLS RIVER,CHARLOTTE,OAKLAND HILLS RIVER_CHARLOTTE
LW,PEBBLE BEACH CREEK,CHARLOTTE,PEBBLE BEACH CREEK_CHARLOTTE
LW,PEBBLE BEACH RIVER,CHARLOTTE,PEBBLE BEACH RIVER_CHARLOTTE
LW,PINE VALLEY END,CHARLOTTE,PINE VALLEY END_CHARLOTTE
LW,PINE VALLEY WEIR,CHARLOTTE,PINE VALLEY WEIR_CHARLOTTE
LW,PINEHURST RIVER,CHARLOTTE,PINEHURST RIVER_CHARLOTTE
LW,POND 1,CHARLOTTE,POND 1_CHARLOTTE
LW,POND 2,CHARLOTTE,POND 2_CHARLOTTE
LW,POND 3,CHARLOTTE,POND 3_CHARLOTTE
LW,POND 4,CHARLOTTE,POND 4_CHARLOTTE
LW,POND 5,CHARLOTTE,POND 5_CHARLOTTE
LW,POND 6,CHARLOTTE,POND 6_CHARLOTTE
LW,POND 7,CHARLOTTE,POND 7_CHARLOTTE
LW,SOUTH CRETE,CHARLOTTE,SOUTH CRETE_CHARLOTTE
LW,SPRING,CHARLOTTE,SPRING_CHARLOTTE
LW,STAUNTON,CHARLOTTE,STAUNTON_CHARLOTTE
LW,WF-1,CHARLOTTE,WF-1_CHARLOTTE
LW,WF-2,CHARLOTTE,WF-2_CHARLOTTE
LW,WF-3,CHARLOTTE,WF-3_CHARLOTTE
LW,WF-4,CHARLOTTE,WF-4_CHARLOTTE
LW,WF-5,CHARLOTTE,WF-5_CHARLOTTE
LW,WF-6,CHARLOTTE,WF-6_CHARLOTTE
LW,WHITE MARSH,CHARLOTTE,WHITE MARSH_CHARLOTTE
LW,WHITE MARSH INFLOW,CHARLOTTE,WHITE MARSH INFLOW_CHARLOTTE
LW,WHITE MARSH INLET,CHARLOTTE,WHITE MARSH INLET_CHARLOTTE
LW,WHITE MARSH WEIR,CHARLOTTE,WHITE MARSH WEIR_CHARLOTTE
LW,ZEPHYR,CHARLOTTE,ZEPHYR_CHARLOTTE
LW,BELLAMY,CITRUS,BELLAMY_CITRUS
LW,CLUB HOUSE 1,CITRUS,CLUB HOUSE 1_CITRUS
LW,CLUB HOUSE 2,CITRUS,CLUB HOUSE 2_CITRUS
LW,COOTER POND,CITRUS,COOTER POND_CITRUS
LW,CROFT,CITRUS,CROFT_CITRUS
LW,DAVIS,CITRUS,DAVIS_CITRUS
LW,DODD,CITRUS,DODD_CITRUS
LW,FLORAL CITY,CITRUS,FLORAL CITY_CITRUS
LW,FLORAL CITY NORTH,CITRUS,FLORAL CITY NORTH_CITRUS
LW,FORT COOPER,CITRUS,FORT COOPER_CITRUS
LW,HAMPTON,CITRUS,HAMPTON_CITRUS
LW,HENDERSON,CITRUS,HENDERSON_CITRUS
LW,HERNANDO,CITRUS,HERNANDO_CITRUS
LW,LITTLE HENDERSON,CITRUS,LITTLE HENDERSON_CITRUS
LW,LITTLE SPIVEY,CITRUS,LITTLE SPIVEY_CITRUS
LW,NORTH,CITRUS,NORTH_CITRUS
LW,PARK,CITRUS,PARK_CITRUS
LW,RIVER MANOR,CITRUS,RIVER MANOR_CITRUS
LW,ROUSSEAU EAST,CITRUS,ROUSSEAU EAST_CITRUS
LW,SMALL,CITRUS,SMALL_CITRUS
LW,SPIVEY,CITRUS,SPIVEY_CITRUS
LW,TODD,CITRUS,TODD_CITRUS
LW,TSALA APOPKA,CITRUS,TSALA APOPKA_CITRUS
LW,TSALA APOPKA SOUTH,CITRUS,TSALA APOPKA SOUTH_CITRUS
LW,TUSSOCK,CITRUS,TUSSOCK_CITRUS
LW,VAN NESS,CITRUS,VAN NESS_CITRUS
LW,ASBURY NORTH,CLAY,ASBURY NORTH_CLAY
LW,ASBURY SOUTH,CLAY,ASBURY SOUTH_CLAY
LW,BROOKLYN,CLAY,BROOKLYN_CLAY
LW,BROOKLYN BAY,CLAY,BROOKLYN BAY_CLAY
LW,CRYSTAL,CLAY,CRYSTAL_CLAY
LW,DEER,CLAY,DEER_CLAY
LW,DOCTORS,CLAY,DOCTORS_CLAY
LW,GATOR BONE,CLAY,GATOR BONE_CLAY
LW,GENEVA,CLAY,GENEVA_CLAY
LW,HALL,CLAY,HALL_CLAY
LW,HILLCREST,CLAY,HILLCREST_CLAY
LW,HUTCHINSON,CLAY,HUTCHINSON_CLAY
LW,JOHNSON,CLAY,JOHNSON_CLAY
LW,KINGSLEY,CLAY,KINGSLEY_CLAY
LW,LILY,CLAY,LILY_CLAY
LW,LITTLE CRYSTAL,CLAY,LITTLE CRYSTAL_CLAY
LW,LITTLE JOHNSON,CLAY,LITTLE JOHNSON_CLAY
LW,LITTLE KEYSTONE,CLAY,LITTLE KEYSTONE_CLAY
LW,MARGIE,CLAY,MARGIE_CLAY
LW,OPAL,CLAY,OPAL_CLAY
LW,PAYNES,CLAY,PAYNES_CLAY
LW,PEBBLE,CLAY,PEBBLE_CLAY
LW,RYAN,CLAY,RYAN_CLAY
LW,SHEELAR,CLAY,SHEELAR_CLAY
LW,SMITH,CLAY,SMITH_CLAY
LW,SPRING,CLAY,SPRING_CLAY
LW,TWIN,CLAY,TWIN_CLAY
LW,WEST SMITH,CLAY,WEST SMITH_CLAY
LW,WHITE SAND,CLAY,WHITE SAND_CLAY
LW,BANYAN,COLLIER,BANYAN_COLLIER
LW,CRYSTAL,COLLIER,CRYSTAL_COLLIER
LW,LANTERN,COLLIER,LANTERN_COLLIER
LW,LONGSHORE,COLLIER,LONGSHORE_COLLIER
LW,PCL-16,COLLIER,PCL-16_COLLIER
LW,PCL-2,COLLIER,PCL-2_COLLIER
LW,PCL-5,COLLIER,PCL-5_COLLIER
LW,PELICAN,COLLIER,PELICAN_COLLIER
LW,QUARRY,COLLIER,QUARRY_COLLIER
LW,SB-61,COLLIER,SB-61_COLLIER
LW,SWAN,COLLIER,SWAN_COLLIER
LW,VERONA WALK,COLLIER,VERONA WALK_COLLIER
LW,ALLIGATOR SOUTH,COLUMBIA,ALLIGATOR SOUTH_COLUMBIA
LW,JEFFERY,COLUMBIA,JEFFERY_COLUMBIA
LW,MILLS CREEK,COLUMBIA,MILLS CREEK_COLUMBIA
LW,SUZY,DESOTO,SUZY_DESOTO
LW,GOVERNOR HILL,DIXIE,GOVERNOR HILL_DIXIE
LW,FLEET LANDING,DUVAL,FLEET LANDING_DUVAL
LW,HIDDEN,DUVAL,HIDDEN_DUVAL
LW,LUCINA,DUVAL,LUCINA_DUVAL
LW,MANDARIN,DUVAL,MANDARIN_DUVAL
LW,MARIETTA,DUVAL,MARIETTA_DUVAL
LW,POND 13,DUVAL,POND 13_DUVAL
LW,RAY,DUVAL,RAY_DUVAL
LW,WILLOW,DUVAL,WILLOW_DUVAL
LW,BLUE ANGEL,ESCAMBIA,BLUE ANGEL_ESCAMBIA
LW,CRESCENT,ESCAMBIA,CRESCENT_ESCAMBIA
LW,CROWN POINT,ESCAMBIA,CROWN POINT_ESCAMBIA
LW,GRANDE LAGOON,ESCAMBIA,GRANDE LAGOON_ESCAMBIA
LW,AVALON,FLAGLER,AVALON_FLAGLER
LW,BELLE AIRE,FLAGLER,BELLE AIRE_FLAGLER
LW,BELLE AIRE SOUTH,FLAGLER,BELLE AIRE SOUTH_FLAGLER
LW,BELLE TERRE,FLAGLER,BELLE TERRE_FLAGLER
LW,BIRCHWOOD,FLAGLER,BIRCHWOOD_FLAGLER
LW,BIRCHWOOD BASIN,FLAGLER,BIRCHWOOD BASIN_FLAGLER
LW,BIRD OF PARADISE,FLAGLER,BIRD OF PARADISE_FLAGLER
LW,BIRDWAY,FLAGLER,BIRDWAY_FLAGLER
LW,BRANDON,FLAGLER,BRANDON_FLAGLER
LW,BRITTANY,FLAGLER,BRITTANY_FLAGLER
LW,CHEYENNE COVE,FLAGLER,CHEYENNE COVE_FLAGLER
LW,DEAD,FLAGLER,DEAD_FLAGLER
LW,EMERALD,FLAGLER,EMERALD_FLAGLER
LW,GORE,FLAGLER,GORE_FLAGLER
LW,GRAND HAVEN 1,FLAGLER,GRAND HAVEN 1_FLAGLER
LW,GRAND HAVEN 12,FLAGLER,GRAND HAVEN 12_FLAGLER
LW,GRAND HAVEN 13,FLAGLER,GRAND HAVEN 13_FLAGLER
LW,GRAND HAVEN 18A,FLAGLER,GRAND HAVEN 18A_FLAGLER
LW,GRAND HAVEN 28,FLAGLER,GRAND HAVEN 28_FLAGLER
LW,GRAND HAVEN 4,FLAGLER,GRAND HAVEN 4_FLAGLER
LW,GRAND HAVEN 5,FLAGLER,GRAND HAVEN 5_FLAGLER
LW,GRAND HAVEN W6,FLAGLER,GRAND HAVEN W6_FLAGLER
LW,LAKESIDE,FLAGLER,LAKESIDE_FLAGLER
LW,MEDFORD,FLAGLER,MEDFORD_FLAGLER
LW,NANTUCKET,FLAGLER,NANTUCKET_FLAGLER
LW,PARKVIEW STREAM,FLAGLER,PARKVIEW STREAM_FLAGLER
LW,PINE GROVE,FLAGLER,PINE GROVE_FLAGLER
LW,RIBBON NORTH,FLAGLER,RIBBON NORTH_FLAGLER
LW,RIPPLING,FLAGLER,RIPPLING_FLAGLER
LW,RODGERS,FLAGLER,RODGERS_FLAGLER
LW,SEA VISTA,FLAGLER,SEA VISTA_FLAGLER
LW,WALKER WEST,FLAGLER,WALKER WEST_FLAGLER
LW,WYNNFIELD,FLAGLER,WYNNFIELD_FLAGLER
LW,LETT,GADSDEN,LETT_GADSDEN
LW,TALLAVANA,GADSDEN,TALLAVANA_GADSDEN
LW,YVETTE,GADSDEN,YVETTE_GADSDEN
LW,DEAD,GULF,DEAD_GULF
LW,DEPOT CREEK-1,GULF,DEPOT CREEK-1_GULF
LW,DOVE FIELD-1,GULF,DOVE FIELD-1_GULF
LW,WIMICO,GULF,WIMICO_GULF
LW,OAK,HAMILTON,OAK_HAMILTON
LW,OAK BAY,HAMILTON,OAK BAY_HAMILTON
LW,PERCH POND,HAMILTON,PERCH POND_HAMILTON
LW,TIMBER,HAMILTON,TIMBER_HAMILTON
LW,BYSTRE,HERNANDO,BYSTRE_HERNANDO
LW,CROAKER,HERNANDO,CROAKER_HERNANDO
LW,HORSE,HERNANDO,HORSE_HERNANDO
LW,MAY PRAIRIE,HERNANDO,MAY PRAIRIE_HERNANDO
LW,NEFF,HERNANDO,NEFF_HERNANDO
LW,SPARKMAN,HERNANDO,SPARKMAN_HERNANDO
LW,SPRING,HERNANDO,SPRING_HERNANDO
LW,ANGELO,HIGHLANDS,ANGELO_HIGHLANDS
LW,ANNIE,HIGHLANDS,ANNIE_HIGHLANDS
LW,ANOKA,HIGHLANDS,ANOKA_HIGHLANDS
LW,AUGUST,HIGHLANDS,AUGUST_HIGHLANDS
LW,BLUE,HIGHLANDS,BLUE_HIGHLANDS
LW,BRENTWOOD,HIGHLANDS,BRENTWOOD_HIGHLANDS
LW,BYRD,HIGHLANDS,BYRD_HIGHLANDS
LW,CHARLOTTE,HIGHLANDS,CHARLOTTE_HIGHLANDS
LW,CHILTON,HIGHLANDS,CHILTON_HIGHLANDS
LW,CREWS,HIGHLANDS,CREWS_HIGHLANDS
LW,DEER,HIGHLANDS,DEER_HIGHLANDS
LW,DENTON,HIGHLANDS,DENTON_HIGHLANDS
LW,DIANE,HIGHLANDS,DIANE_HIGHLANDS
LW,EAGLE POND,HIGHLANDS,EAGLE POND_HIGHLANDS
LW,ERIN PARK CANALS,HIGHLANDS,ERIN PARK CANALS_HIGHLANDS
LW,FOX,HIGHLANDS,FOX_HIGHLANDS
LW,GRASSY,HIGHLANDS,GRASSY_HIGHLANDS
LW,HILL,HIGHLANDS,HILL_HIGHLANDS
LW,HUCKLEBERRY,HIGHLANDS,HUCKLEBERRY_HIGHLANDS
LW,ISIS,HIGHLANDS,ISIS_HIGHLANDS
LW,ISTOKPOGA NORTH,HIGHLANDS,ISTOKPOGA NORTH_HIGHLANDS
LW,JOSEPHINE EAST,HIGHLANDS,JOSEPHINE EAST_HIGHLANDS
LW,JOSEPHINE WEST,HIGHLANDS,JOSEPHINE WEST_HIGHLANDS
LW,JUNE NORTH,HIGHLANDS,JUNE NORTH_HIGHLANDS
LW,LILLIAN,HIGHLANDS,LILLIAN_HIGHLANDS
LW,LITTLE BONNET,HIGHLANDS,LITTLE BONNET_HIGHLANDS
LW,LITTLE GRASSY,HIGHLANDS,LITTLE GRASSY_HIGHLANDS
LW,LITTLE JACKSON,HIGHLANDS,LITTLE JACKSON_HIGHLANDS
LW,LYNN,HIGHLANDS,LYNN_HIGHLANDS
LW,MARY JANE,HIGHLANDS,MARY JANE_HIGHLANDS
LW,MCCOY,HIGHLANDS,MCCOY_HIGHLANDS
LW,MILLION,HIGHLANDS,MILLION_HIGHLANDS
LW,MILLS POND,HIGHLANDS,MILLS POND_HIGHLANDS
LW,MIRROR,HIGHLANDS,MIRROR_HIGHLANDS
LW,PEARL,HIGHLANDS,PEARL_HIGHLANDS
LW,PERSIMMON,HIGHLANDS,PERSIMMON_HIGHLANDS
LW,RACHARD,HIGHLANDS,RACHARD_HIGHLANDS
LW,REDWATER,HIGHLANDS,REDWATER_HIGHLANDS
LW,SADDLEBAGS,HIGHLANDS,SADDLEBAGS_HIGHLANDS
LW,SIRENA,HIGHLANDS,SIRENA_HIGHLANDS
LW,TROUT,HIGHLANDS,TROUT_HIGHLANDS
LW,TULANE,HIGHLANDS,TULANE_HIGHLANDS
LW,VERONA,HIGHLANDS,VERONA_HIGHLANDS
LW,WOLF,HIGHLANDS,WOLF_HIGHLANDS
LW,ALBRIGHT,HILLSBOROUGH,ALBRIGHT_HILLSBOROUGH
LW,ALICE,HILLSBOROUGH,ALICE_HILLSBOROUGH
LW,ALLEN,HILLSBOROUGH,ALLEN_HILLSBOROUGH
LW,ARMISTEAD,HILLSBOROUGH,ARMISTEAD_HILLSBOROUGH
LW,AVILA,HILLSBOROUGH,AVILA_HILLSBOROUGH
LW,BAY,HILLSBOROUGH,BAY_HILLSBOROUGH
LW,BELLE WILDLIFE POND,HILLSBOROUGH,BELLE WILDLIFE POND_HILLSBOROUGH
LW,BOOT,HILLSBOROUGH,BOOT_HILLSBOROUGH
LW,BRANT,HILLSBOROUGH,BRANT_HILLSBOROUGH
LW,BROOKER,HILLSBOROUGH,BROOKER_HILLSBOROUGH
LW,BUCK,HILLSBOROUGH,BUCK_HILLSBOROUGH
LW,BURRELL,HILLSBOROUGH,BURRELL_HILLSBOROUGH
LW,BYRD,HILLSBOROUGH,BYRD_HILLSBOROUGH
LW,CALM,HILLSBOROUGH,CALM_HILLSBOROUGH
LW,CARLTON,HILLSBOROUGH,CARLTON_HILLSBOROUGH
LW,CARLTON 2,HILLSBOROUGH,CARLTON 2_HILLSBOROUGH
LW,CARROLL,HILLSBOROUGH,CARROLL_HILLSBOROUGH
LW,CARROLL COVE,HILLSBOROUGH,CARROLL COVE_HILLSBOROUGH
LW,CASEY,HILLSBOROUGH,CASEY_HILLSBOROUGH
LW,CEDAR EAST,HILLSBOROUGH,CEDAR EAST_HILLSBOROUGH
LW,CEDAR WEST,HILLSBOROUGH,CEDAR WEST_HILLSBOROUGH
LW,CHAPMAN,HILLSBOROUGH,CHAPMAN_HILLSBOROUGH
LW,CHAPMAN SOUTH,HILLSBOROUGH,CHAPMAN SOUTH_HILLSBOROUGH
LW,CHARLES,HILLSBOROUGH,CHARLES_HILLSBOROUGH
LW,CHURCH,HILLSBOROUGH,CHURCH_HILLSBOROUGH
LW,COLEBROOK,HILLSBOROUGH,COLEBROOK_HILLSBOROUGH
LW,COMMISTON,HILLSBOROUGH,COMMISTON_HILLSBOROUGH
LW,COOPER,HILLSBOROUGH,COOPER_HILLSBOROUGH
LW,CORY,HILLSBOROUGH,CORY_HILLSBOROUGH
LW,COUNTRYS POND,HILLSBOROUGH,COUNTRYS POND_HILLSBOROUGH
LW,COVE,HILLSBOROUGH,COVE_HILLSBOROUGH
LW,CRENSHAW,HILLSBOROUGH,CRENSHAW_HILLSBOROUGH
LW,CRESCENT,HILLSBOROUGH,CRESCENT_HILLSBOROUGH
LW,CRUM,HILLSBOROUGH,CRUM_HILLSBOROUGH
LW,CRYSTAL,HILLSBOROUGH,CRYSTAL_HILLSBOROUGH
LW,CYPRESS,HILLSBOROUGH,CYPRESS_HILLSBOROUGH
LW,DAN,HILLSBOROUGH,DAN_HILLSBOROUGH
LW,DEAD LADY,HILLSBOROUGH,DEAD LADY_HILLSBOROUGH
LW,DEER,HILLSBOROUGH,DEER_HILLSBOROUGH
LW,DOROTHY,HILLSBOROUGH,DOROTHY_HILLSBOROUGH
LW,DORSETT,HILLSBOROUGH,DORSETT_HILLSBOROUGH
LW,DOSSON,HILLSBOROUGH,DOSSON_HILLSBOROUGH
LW,EAST,HILLSBOROUGH,EAST_HILLSBOROUGH
LW,ECHO,HILLSBOROUGH,ECHO_HILLSBOROUGH
LW,ECKLES,HILLSBOROUGH,ECKLES_HILLSBOROUGH
LW,EDNA,HILLSBOROUGH,EDNA_HILLSBOROUGH
LW,EGYPT,HILLSBOROUGH,EGYPT_HILLSBOROUGH
LW,ELIZABETH,HILLSBOROUGH,ELIZABETH_HILLSBOROUGH
LW,ELLEN,HILLSBOROUGH,ELLEN_HILLSBOROUGH
LW,ESTES,HILLSBOROUGH,ESTES_HILLSBOROUGH
LW,EVA,HILLSBOROUGH,EVA_HILLSBOROUGH
LW,FANTASIA,HILLSBOROUGH,FANTASIA_HILLSBOROUGH
LW,FLEUR DE LIS,HILLSBOROUGH,FLEUR DE LIS_HILLSBOROUGH
LW,FLYNN,HILLSBOROUGH,FLYNN_HILLSBOROUGH
LW,FOREST,HILLSBOROUGH,FOREST_HILLSBOROUGH
LW,FRANCIS,HILLSBOROUGH,FRANCIS_HILLSBOROUGH
LW,FREEDOM,HILLSBOROUGH,FREEDOM_HILLSBOROUGH
LW,FULLER,HILLSBOROUGH,FULLER_HILLSBOROUGH
LW,GARDEN,HILLSBOROUGH,GARDEN_HILLSBOROUGH
LW,GASS,HILLSBOROUGH,GASS_HILLSBOROUGH
LW,GEORGE,HILLSBOROUGH,GEORGE_HILLSBOROUGH
LW,GIBSON,HILLSBOROUGH,GIBSON_HILLSBOROUGH
LW,GLASS,HILLSBOROUGH,GLASS_HILLSBOROUGH
LW,GORNTO,HILLSBOROUGH,GORNTO_HILLSBOROUGH
LW,GRACE,HILLSBOROUGH,GRACE_HILLSBOROUGH
LW,GRADY,HILLSBOROUGH,GRADY_HILLSBOROUGH
LW,HALFMOON,HILLSBOROUGH,HALFMOON_HILLSBOROUGH
LW,HAMMOCK,HILLSBOROUGH,HAMMOCK_HILLSBOROUGH
LW,HANNA,HILLSBOROUGH,HANNA_HILLSBOROUGH
LW,HARVEY,HILLSBOROUGH,HARVEY_HILLSBOROUGH
LW,HEATHER,HILLSBOROUGH,HEATHER_HILLSBOROUGH
LW,HELEN,HILLSBOROUGH,HELEN_HILLSBOROUGH
LW,HIAWATHA,HILLSBOROUGH,HIAWATHA_HILLSBOROUGH
LW,HICKORY HAMMOCK,HILLSBOROUGH,HICKORY HAMMOCK_HILLSBOROUGH
LW,HICKORY MANOR NORTH,HILLSBOROUGH,HICKORY MANOR NORTH_HILLSBOROUGH
LW,HOBBS,HILLSBOROUGH,HOBBS_HILLSBOROUGH
LW,HOG ISLAND,HILLSBOROUGH,HOG ISLAND_HILLSBOROUGH
LW,HOLLY,HILLSBOROUGH,HOLLY_HILLSBOROUGH
LW,HORSE,HILLSBOROUGH,HORSE_HILLSBOROUGH
LW,HUNTER,HILLSBOROUGH,HUNTER_HILLSBOROUGH
LW,ISLAND FORD,HILLSBOROUGH,ISLAND FORD_HILLSBOROUGH
LW,JACKSON,HILLSBOROUGH,JACKSON_HILLSBOROUGH
LW,JAMES,HILLSBOROUGH,JAMES_HILLSBOROUGH
LW,JEANETTE,HILLSBOROUGH,JEANETTE_HILLSBOROUGH
LW,JEREMY,HILLSBOROUGH,JEREMY_HILLSBOROUGH
LW,JOSEPHINE,HILLSBOROUGH,JOSEPHINE_HILLSBOROUGH
LW,JUANITA,HILLSBOROUGH,JUANITA_HILLSBOROUGH
LW,JUNE,HILLSBOROUGH,JUNE_HILLSBOROUGH
LW,KEENE,HILLSBOROUGH,KEENE_HILLSBOROUGH
LW,KELL,HILLSBOROUGH,KELL_HILLSBOROUGH
LW,KEN,HILLSBOROUGH,KEN_HILLSBOROUGH
LW,KEYSTONE,HILLSBOROUGH,KEYSTONE_HILLSBOROUGH
LW,LECLARE,HILLSBOROUGH,LECLARE_HILLSBOROUGH
LW,LIPSEY,HILLSBOROUGH,LIPSEY_HILLSBOROUGH
LW,LITTLE,HILLSBOROUGH,LITTLE_HILLSBOROUGH
LW,LITTLE BASS,HILLSBOROUGH,LITTLE BASS_HILLSBOROUGH
LW,LITTLE HALFMOON,HILLSBOROUGH,LITTLE HALFMOON_HILLSBOROUGH
LW,LITTLE JEWEL,HILLSBOROUGH,LITTLE JEWEL_HILLSBOROUGH
LW,LITTLE MOON,HILLSBOROUGH,LITTLE MOON_HILLSBOROUGH
LW,LITTLE WILSON,HILLSBOROUGH,LITTLE WILSON_HILLSBOROUGH
LW,LONG POND,HILLSBOROUGH,LONG POND_HILLSBOROUGH
LW,LORDS,HILLSBOROUGH,LORDS_HILLSBOROUGH
LW,LUTZ,HILLSBOROUGH,LUTZ_HILLSBOROUGH
LW,MAGDALENE,HILLSBOROUGH,MAGDALENE_HILLSBOROUGH
LW,MANGO,HILLSBOROUGH,MANGO_HILLSBOROUGH
LW,MARTHA,HILLSBOROUGH,MARTHA_HILLSBOROUGH
LW,MAURINE,HILLSBOROUGH,MAURINE_HILLSBOROUGH
LW,MCCOMAS,HILLSBOROUGH,MCCOMAS_HILLSBOROUGH
LW,MEAD,HILLSBOROUGH,MEAD_HILLSBOROUGH
LW,MID,HILLSBOROUGH,MID_HILLSBOROUGH
LW,MIDDLE,HILLSBOROUGH,MIDDLE_HILLSBOROUGH
LW,MILL,HILLSBOROUGH,MILL_HILLSBOROUGH
LW,MIRROR,HILLSBOROUGH,MIRROR_HILLSBOROUGH
LW,MOHRLAKE,HILLSBOROUGH,MOHRLAKE_HILLSBOROUGH
LW,MOORES,HILLSBOROUGH,MOORES_HILLSBOROUGH
LW,MORLEY,HILLSBOROUGH,MORLEY_HILLSBOROUGH
LW,MORRIS,HILLSBOROUGH,MORRIS_HILLSBOROUGH
LW,MOUND,HILLSBOROUGH,MOUND_HILLSBOROUGH
LW,MYRTLE,HILLSBOROUGH,MYRTLE_HILLSBOROUGH
LW,NANCY,HILLSBOROUGH,NANCY_HILLSBOROUGH
LW,NAWELA,HILLSBOROUGH,NAWELA_HILLSBOROUGH
LW,NEW RYAN,HILLSBOROUGH,NEW RYAN_HILLSBOROUGH
LW,NEWLANDS,HILLSBOROUGH,NEWLANDS_HILLSBOROUGH
LW,NORBERT,HILLSBOROUGH,NORBERT_HILLSBOROUGH
LW,NOREAST,HILLSBOROUGH,NOREAST_HILLSBOROUGH
LW,NORTH POND,HILLSBOROUGH,NORTH POND_HILLSBOROUGH
LW,OSCEOLA,HILLSBOROUGH,OSCEOLA_HILLSBOROUGH
LW,PINE,HILLSBOROUGH,PINE_HILLSBOROUGH
LW,PINE POND,HILLSBOROUGH,PINE POND_HILLSBOROUGH
LW,PLACE,HILLSBOROUGH,PLACE_HILLSBOROUGH
LW,PLATT,HILLSBOROUGH,PLATT_HILLSBOROUGH
LW,POND 01-14,HILLSBOROUGH,POND 01-14_HILLSBOROUGH
LW,POND 02-07,HILLSBOROUGH,POND 02-07_HILLSBOROUGH
LW,POND 03-16,HILLSBOROUGH,POND 03-16_HILLSBOROUGH
LW,POND 03-19,HILLSBOROUGH,POND 03-19_HILLSBOROUGH
LW,POND 04-05,HILLSBOROUGH,POND 04-05_HILLSBOROUGH
LW,POND 05-04 INLET,HILLSBOROUGH,POND 05-04 INLET_HILLSBOROUGH
LW,POND 05-04 OUTLET,HILLSBOROUGH,POND 05-04 OUTLET_HILLSBOROUGH
LW,POND 05-07,HILLSBOROUGH,POND 05-07_HILLSBOROUGH
LW,POND 06-01,HILLSBOROUGH,POND 06-01_HILLSBOROUGH
LW,POND 06-13,HILLSBOROUGH,POND 06-13_HILLSBOROUGH
LW,POND 06-28,HILLSBOROUGH,POND 06-28_HILLSBOROUGH
LW,POND 06-905 INFLOW,HILLSBOROUGH,POND 06-905 INFLOW_HILLSBOROUGH
LW,POND 06-905 OUTFLOW,HILLSBOROUGH,POND 06-905 OUTFLOW_HILLSBOROUGH
LW,POND 06-906,HILLSBOROUGH,POND 06-906_HILLSBOROUGH
LW,POND 06-911,HILLSBOROUGH,POND 06-911_HILLSBOROUGH
LW,POND 07-901,HILLSBOROUGH,POND 07-901_HILLSBOROUGH
LW,POND 07-904,HILLSBOROUGH,POND 07-904_HILLSBOROUGH
LW,POND 08-16,HILLSBOROUGH,POND 08-16_HILLSBOROUGH
LW,POND 09-02,HILLSBOROUGH,POND 09-02_HILLSBOROUGH
LW,POND 09-03,HILLSBOROUGH,POND 09-03_HILLSBOROUGH
LW,POND 09-SP1,HILLSBOROUGH,POND 09-SP1_HILLSBOROUGH
LW,POND 10-02,HILLSBOROUGH,POND 10-02_HILLSBOROUGH
LW,POND 10-07,HILLSBOROUGH,POND 10-07_HILLSBOROUGH
LW,POND 10-08,HILLSBOROUGH,POND 10-08_HILLSBOROUGH
LW,POND 12-04,HILLSBOROUGH,POND 12-04_HILLSBOROUGH
LW,POND 99-19,HILLSBOROUGH,POND 99-19_HILLSBOROUGH
LW,PRETTY,HILLSBOROUGH,PRETTY_HILLSBOROUGH
LW,RAINBOW,HILLSBOROUGH,RAINBOW_HILLSBOROUGH
LW,REINHEIMER,HILLSBOROUGH,REINHEIMER_HILLSBOROUGH
LW,RICHARD MULDOWNEY,HILLSBOROUGH,RICHARD MULDOWNEY_HILLSBOROUGH
LW,ROBERTA,HILLSBOROUGH,ROBERTA_HILLSBOROUGH
LW,ROCK,HILLSBOROUGH,ROCK_HILLSBOROUGH
LW,ROGERS,HILLSBOROUGH,ROGERS_HILLSBOROUGH
LW,ROGET,HILLSBOROUGH,ROGET_HILLSBOROUGH
LW,ROUND,HILLSBOROUGH,ROUND_HILLSBOROUGH
LW,ROUND POND,HILLSBOROUGH,ROUND POND_HILLSBOROUGH
LW,RUSSELL,HILLSBOROUGH,RUSSELL_HILLSBOROUGH
LW,SADDLEBACK SOUTH,HILLSBOROUGH,SADDLEBACK SOUTH_HILLSBOROUGH
LW,SEPTEMBER,HILLSBOROUGH,SEPTEMBER_HILLSBOROUGH
LW,SHANGRI-LA,HILLSBOROUGH,SHANGRI-LA_HILLSBOROUGH
LW,SILVER,HILLSBOROUGH,SILVER_HILLSBOROUGH
LW,SIMMONS,HILLSBOROUGH,SIMMONS_HILLSBOROUGH
LW,SINCLAIR,HILLSBOROUGH,SINCLAIR_HILLSBOROUGH
LW,SNAKE,HILLSBOROUGH,SNAKE_HILLSBOROUGH
LW,SOUTH,HILLSBOROUGH,SOUTH_HILLSBOROUGH
LW,ST. CLAIR,HILLSBOROUGH,ST. CLAIR_HILLSBOROUGH
LW,STALL,HILLSBOROUGH,STALL_HILLSBOROUGH
LW,STARVATION,HILLSBOROUGH,STARVATION_HILLSBOROUGH
LW,STEARN,HILLSBOROUGH,STEARN_HILLSBOROUGH
LW,STEMPER,HILLSBOROUGH,STEMPER_HILLSBOROUGH
LW,STILLWATER,HILLSBOROUGH,STILLWATER_HILLSBOROUGH
LW,STRAWBERRY,HILLSBOROUGH,STRAWBERRY_HILLSBOROUGH
LW,STRAWBERRY NORTH,HILLSBOROUGH,STRAWBERRY NORTH_HILLSBOROUGH
LW,STRAWBERRY SOUTH,HILLSBOROUGH,STRAWBERRY SOUTH_HILLSBOROUGH
LW,SUNSET,HILLSBOROUGH,SUNSET_HILLSBOROUGH
LW,SUNSHINE,HILLSBOROUGH,SUNSHINE_HILLSBOROUGH
LW,SWAN,HILLSBOROUGH,SWAN_HILLSBOROUGH
LW,TAYLOR,HILLSBOROUGH,TAYLOR_HILLSBOROUGH
LW,TAYLOR 2,HILLSBOROUGH,TAYLOR 2_HILLSBOROUGH
LW,TEAKWOOD,HILLSBOROUGH,TEAKWOOD_HILLSBOROUGH
LW,TEN MILE,HILLSBOROUGH,TEN MILE_HILLSBOROUGH
LW,TURTLE,HILLSBOROUGH,TURTLE_HILLSBOROUGH
LW,TWIN,HILLSBOROUGH,TWIN_HILLSBOROUGH
LW,VALRICO,HILLSBOROUGH,VALRICO_HILLSBOROUGH
LW,VALRICO MIDDLE,HILLSBOROUGH,VALRICO MIDDLE_HILLSBOROUGH
LW,VIRGINIA,HILLSBOROUGH,VIRGINIA_HILLSBOROUGH
LW,WALDEN,HILLSBOROUGH,WALDEN_HILLSBOROUGH
LW,WASTENA,HILLSBOROUGH,WASTENA_HILLSBOROUGH
LW,WEE,HILLSBOROUGH,WEE_HILLSBOROUGH
LW,WEST MEADOWS-15,HILLSBOROUGH,WEST MEADOWS-15_HILLSBOROUGH
LW,WEST MEADOWS-3,HILLSBOROUGH,WEST MEADOWS-3_HILLSBOROUGH
LW,WHITE TROUT,HILLSBOROUGH,WHITE TROUT_HILLSBOROUGH
LW,WILFORD,HILLSBOROUGH,WILFORD_HILLSBOROUGH
LW,WILSON,HILLSBOROUGH,WILSON_HILLSBOROUGH
LW,WIMAUMA,HILLSBOROUGH,WIMAUMA_HILLSBOROUGH
LW,WINTHROP,HILLSBOROUGH,WINTHROP_HILLSBOROUGH
LW,WOOD,HILLSBOROUGH,WOOD_HILLSBOROUGH
LW,WOODBERRY 2,HILLSBOROUGH,WOODBERRY 2_HILLSBOROUGH
LW,ZAMBITO,HILLSBOROUGH,ZAMBITO_HILLSBOROUGH
LW,ZAMBITO EAST,HILLSBOROUGH,ZAMBITO EAST_HILLSBOROUGH
LW,CASSIDY,HOLMES,CASSIDY_HOLMES
LW,FARM 13,INDIAN RIVER,FARM 13_INDIAN RIVER
LW,SHORES,INDIAN RIVER,SHORES_INDIAN RIVER
LW,STICK MARSH,INDIAN RIVER,STICK MARSH_INDIAN RIVER
LW,COMPASS,JACKSON,COMPASS_JACKSON
LW,MCCORMICK,JACKSON,MCCORMICK_JACKSON
LW,SILVER,JACKSON,SILVER_JACKSON
LW,BIDLINGMAYER,JEFFERSON,BIDLINGMAYER_JEFFERSON
LW,MICCOSUKEE SINK,JEFFERSON,MICCOSUKEE SINK_JEFFERSON
LW,WOOTEN,JEFFERSON,WOOTEN_JEFFERSON
LW,AKRON,LAKE,AKRON_LAKE
LW,ANNABELLE REED,LAKE,ANNABELLE REED_LAKE
LW,APSHAWA,LAKE,APSHAWA_LAKE
LW,ARLENE,LAKE,ARLENE_LAKE
LW,ARTHUR,LAKE,ARTHUR_LAKE
LW,BAY,LAKE,BAY_LAKE
LW,BEAR,LAKE,BEAR_LAKE
LW,BEAR 2,LAKE,BEAR 2_LAKE
LW,BLACK,LAKE,BLACK_LAKE
LW,BLUE,LAKE,BLUE_LAKE
LW,CLEAR,LAKE,CLEAR_LAKE
LW,COOLEY,LAKE,COOLEY_LAKE
LW,CR BIG,LAKE,CR BIG_LAKE
LW,CR SMALL,LAKE,CR SMALL_LAKE
LW,CROOKED,LAKE,CROOKED_LAKE
LW,CROWN,LAKE,CROWN_LAKE
LW,CRYSTAL,LAKE,CRYSTAL_LAKE
LW,DESIRE,LAKE,DESIRE_LAKE
LW,DIXIE EAST,LAKE,DIXIE EAST_LAKE
LW,DIXIE WEST,LAKE,DIXIE WEST_LAKE
LW,DOLLS,LAKE,DOLLS_LAKE
LW,DORA WEST,LAKE,DORA WEST_LAKE
LW,EAGLE,LAKE,EAGLE_LAKE
LW,EAST CROOKED,LAKE,EAST CROOKED_LAKE
LW,EGRET,LAKE,EGRET_LAKE
LW,ELDORADO,LAKE,ELDORADO_LAKE
LW,ELLA 2,LAKE,ELLA 2_LAKE
LW,ERIE,LAKE,ERIE_LAKE
LW,EVERT,LAKE,EVERT_LAKE
LW,FISH,LAKE,FISH_LAKE
LW,FLORENCE,LAKE,FLORENCE_LAKE
LW,GERTRUDE,LAKE,GERTRUDE_LAKE
LW,GLONA,LAKE,GLONA_LAKE
LW,GRACIE,LAKE,GRACIE_LAKE
LW,GRASSY,LAKE,GRASSY_LAKE
LW,GRIFFIN,LAKE,GRIFFIN_LAKE
LW,GRIFFIN NORTH,LAKE,GRIFFIN NORTH_LAKE
LW,GRIFFIN WEST,LAKE,GRIFFIN WEST_LAKE
LW,HAINES,LAKE,HAINES_LAKE
LW,HARRIS EAST,LAKE,HARRIS EAST_LAKE
LW,HARRIS MIDDLE,LAKE,HARRIS MIDDLE_LAKE
LW,HARRIS WEST,LAKE,HARRIS WEST_LAKE
LW,HERMOSA,LAKE,HERMOSA_LAKE
LW,HERON,LAKE,HERON_LAKE
LW,HIAWATHA,LAKE,HIAWATHA_LAKE
LW,HORSESHOE,LAKE,HORSESHOE_LAKE
LW,IDAMERE,LAKE,IDAMERE_LAKE
LW,IDLEWILD,LAKE,IDLEWILD_LAKE
LW,JACKS,LAKE,JACKS_LAKE
LW,JEM,LAKE,JEM_LAKE
LW,JEWEL,LAKE,JEWEL_LAKE
LW,JOANNA,LAKE,JOANNA_LAKE
LW,KIRKLAND,LAKE,KIRKLAND_LAKE
LW,LADY,LAKE,LADY_LAKE
LW,LINDA,LAKE,LINDA_LAKE
LW,LITTLE HARRIS,LAKE,LITTLE HARRIS_LAKE
LW,LITTLE HOLLY,LAKE,LITTLE HOLLY_LAKE
LW,LITTLE MARY,LAKE,LITTLE MARY_LAKE
LW,LITTLE NELLIE,LAKE,LITTLE NELLIE_LAKE
LW,LITTLE SAWMILL,LAKE,LITTLE SAWMILL_LAKE
LW,LOCH LEVEN,LAKE,LOCH LEVEN_LAKE
LW,LORRAINE,LAKE,LORRAINE_LAKE
LW,MARY,LAKE,MARY_LAKE
LW,MATHEWS,LAKE,MATHEWS_LAKE
LW,MAY,LAKE,MAY_LAKE
LW,MIDDLE BEAR,LAKE,MIDDLE BEAR_LAKE
LW,MILL STREAM SWAMP,LAKE,MILL STREAM SWAMP_LAKE
LW,MIRROR,LAKE,MIRROR_LAKE
LW,MOUNT DORA,LAKE,MOUNT DORA_LAKE
LW,NELLIE,LAKE,NELLIE_LAKE
LW,NETTIE,LAKE,NETTIE_LAKE
LW,NORTH TWIN,LAKE,NORTH TWIN_LAKE
LW,OWEN,LAKE,OWEN_LAKE
LW,PEANUT POND,LAKE,PEANUT POND_LAKE
LW,PEARL,LAKE,PEARL_LAKE
LW,PICCIOLA,LAKE,PICCIOLA_LAKE
LW,PINE ISLAND,LAKE,PINE ISLAND_LAKE
LW,PLACIDA,LAKE,PLACIDA_LAKE
LW,PURDUM POND,LAKE,PURDUM POND_LAKE
LW,ROYAL,LAKE,ROYAL_LAKE
LW,SAUNDERS,LAKE,SAUNDERS_LAKE
LW,SAWMILL,LAKE,SAWMILL_LAKE
LW,SCRUB JAY POND,LAKE,SCRUB JAY POND_LAKE
LW,SELLERS,LAKE,SELLERS_LAKE
LW,SHADY NOOK,LAKE,SHADY NOOK_LAKE
LW,SILVER,LAKE,SILVER_LAKE
LW,SILVER PAISLEY,LAKE,SILVER PAISLEY_LAKE
LW,SOUTH TWIN,LAKE,SOUTH TWIN_LAKE
LW,SPENCER,LAKE,SPENCER_LAKE
LW,SUNSET,LAKE,SUNSET_LAKE
LW,SUNSHINE,LAKE,SUNSHINE_LAKE
LW,SWATARA,LAKE,SWATARA_LAKE
LW,TAVARES,LAKE,TAVARES_LAKE
LW,TURKEY SE,LAKE,TURKEY SE_LAKE
LW,UNITY,LAKE,UNITY_LAKE
LW,WASH,LAKE,WASH_LAKE
LW,WOODWARD,LAKE,WOODWARD_LAKE
LW,ZEPHYR,LAKE,ZEPHYR_LAKE
LW,DONUT,LEE,DONUT_LEE
LW,DUNES,LEE,DUNES_LEE
LW,EAST ROCKS,LEE,EAST ROCKS_LEE
LW,EAST ROCKS WEST,LEE,EAST ROCKS WEST_LEE
LW,GULF PINES,LEE,GULF PINES_LEE
LW,GULF SHORES,LEE,GULF SHORES_LEE
LW,GULF SHORES WEST,LEE,GULF SHORES WEST_LEE
LW,GUMBO LIMBO,LEE,GUMBO LIMBO_LEE
LW,HARBORAGE EAST,LEE,HARBORAGE EAST_LEE
LW,HARBORAGE WEST,LEE,HARBORAGE WEST_LEE
LW,HOPEFIELD,LEE,HOPEFIELD_LEE
LW,LADY FINGER,LEE,LADY FINGER_LEE
LW,LITTLE MUREX,LEE,LITTLE MUREX_LEE
LW,LITTLE PORTION,LEE,LITTLE PORTION_LEE
LW,MUREX,LEE,MUREX_LEE
LW,ROSEATE,LEE,ROSEATE_LEE
LW,SANDOVAL 1,LEE,SANDOVAL 1_LEE
LW,SANDOVAL 13,LEE,SANDOVAL 13_LEE
LW,SANDOVAL 15,LEE,SANDOVAL 15_LEE
LW,SANDOVAL 18,LEE,SANDOVAL 18_LEE
LW,SANDOVAL 20,LEE,SANDOVAL 20_LEE
LW,SANDOVAL 6,LEE,SANDOVAL 6_LEE
LW,SEA OATS,LEE,SEA OATS_LEE
LW,ST. KILDA,LEE,ST. KILDA_LEE
LW,VENUS,LEE,VENUS_LEE
LW,WEST ROCKS,LEE,WEST ROCKS_LEE
LW,ALFORD ARM,LEON,ALFORD ARM_LEON
LW,ANDREW,LEON,ANDREW_LEON
LW,ANNA,LEON,ANNA_LEON
LW,ARROWHEAD,LEON,ARROWHEAD_LEON
LW,BECKY,LEON,BECKY_LEON
LW,BELMONT,LEON,BELMONT_LEON
LW,BLAIRSTONE,LEON,BLAIRSTONE_LEON
LW,BLUE HERON,LEON,BLUE HERON_LEON
LW,BRADFORD,LEON,BRADFORD_LEON
LW,CAMPGROUND POND,LEON,CAMPGROUND POND_LEON
LW,CAROLYN,LEON,CAROLYN_LEON
LW,CASCADE,LEON,CASCADE_LEON
LW,CHAPMAN POND,LEON,CHAPMAN POND_LEON
LW,CLEAR,LEON,CLEAR_LEON
LW,COOLVIEW POND,LEON,COOLVIEW POND_LEON
LW,DIANE,LEON,DIANE_LEON
LW,DUCK,LEON,DUCK_LEON
LW,EEL,LEON,EEL_LEON
LW,ELIZABETH,LEON,ELIZABETH_LEON
LW,ERIE,LEON,ERIE_LEON
LW,FISHER,LEON,FISHER_LEON
LW,GANNETT POND,LEON,GANNETT POND_LEON
LW,GOOSE POND,LEON,GOOSE POND_LEON
LW,GRASSY,LEON,GRASSY_LEON
LW,GRIFFIN,LEON,GRIFFIN_LEON
LW,HARRIMAN POND,LEON,HARRIMAN POND_LEON
LW,HERITAGE,LEON,HERITAGE_LEON
LW,HIAWATHA,LEON,HIAWATHA_LEON
LW,HORNE SPRINGS,LEON,HORNE SPRINGS_LEON
LW,JAMIE,LEON,JAMIE_LEON
LW,JANE,LEON,JANE_LEON
LW,JEAN,LEON,JEAN_LEON
LW,KCC 12,LEON,KCC 12_LEON
LW,KCC 14,LEON,KCC 14_LEON
LW,KCC 4,LEON,KCC 4_LEON
LW,KCC 8,LEON,KCC 8_LEON
LW,KILLARNEY,LEON,KILLARNEY_LEON
LW,LEE,LEON,LEE_LEON
LW,LITTLE JACKSON,LEON,LITTLE JACKSON_LEON
LW,LOFTON POND,LEON,LOFTON POND_LEON
LW,LONGLEAT,LEON,LONGLEAT_LEON
LW,MATTIE,LEON,MATTIE_LEON
LW,MCBRIDE,LEON,MCBRIDE_LEON
LW,MCCORD POND,LEON,MCCORD POND_LEON
LW,MEGINNIS ARM,LEON,MEGINNIS ARM_LEON
LW,MINNIEHAHA,LEON,MINNIEHAHA_LEON
LW,MITCHELL ARM,LEON,MITCHELL ARM_LEON
LW,MONKEY BUSINESS,LEON,MONKEY BUSINESS_LEON
LW,MOORE,LEON,MOORE_LEON
LW,MOORE 2,LEON,MOORE 2_LEON
LW,MOORE POND,LEON,MOORE POND_LEON
LW,OAKFAIR FARMS POND,LEON,OAKFAIR FARMS POND_LEON
LW,ORCHARD POND,LEON,ORCHARD POND_LEON
LW,OVERSTREET,LEON,OVERSTREET_LEON
LW,PETTY GULF,LEON,PETTY GULF_LEON
LW,PINE HILL,LEON,PINE HILL_LEON
LW,PINEY Z,LEON,PINEY Z_LEON
LW,SHEELIN,LEON,SHEELIN_LEON
LW,SHELLY POND,LEON,SHELLY POND_LEON
LW,SILVER,LEON,SILVER_LEON
LW,SPRING POND,LEON,SPRING POND_LEON
LW,SUMMERSET,LEON,SUMMERSET_LEON
LW,SUSAN,LEON,SUSAN_LEON
LW,TOM JOHN,LEON,TOM JOHN_LEON
LW,TROUT POND,LEON,TROUT POND_LEON
LW,WEEKS,LEON,WEEKS_LEON
LW,WINDERMERE,LEON,WINDERMERE_LEON
LW,LONG POND,LEVY,LONG POND_LEVY
LW,MYSTIC,LIBERTY,MYSTIC_LIBERTY
LW,WARD,MANATEE,WARD_MANATEE
LW,BLUE COVE,MARION,BLUE COVE_MARION
LW,BOWERS,MARION,BOWERS_MARION
LW,BUCK,MARION,BUCK_MARION
LW,DEERBACK,MARION,DEERBACK_MARION
LW,DOE,MARION,DOE_MARION
LW,ECHO,MARION,ECHO_MARION
LW,FORE,MARION,FORE_MARION
LW,HALFMOON,MARION,HALFMOON_MARION
LW,HOPKINS PRAIRIE,MARION,HOPKINS PRAIRIE_MARION
LW,HORSESHOE,MARION,HORSESHOE_MARION
LW,ISLAND,MARION,ISLAND_MARION
LW,JOES,MARION,JOES_MARION
LW,KING,MARION,KING_MARION
LW,LILLIAN,MARION,LILLIAN_MARION
LW,LITTLE KERR,MARION,LITTLE KERR_MARION
LW,LITTLE WEIR,MARION,LITTLE WEIR_MARION
LW,LOU,MARION,LOU_MARION
LW,MARY,MARION,MARY_MARION
LW,MILES KALE,MARION,MILES KALE_MARION
LW,MILL DAM,MARION,MILL DAM_MARION
LW,MILL POND,MARION,MILL POND_MARION
LW,NORTH,MARION,NORTH_MARION
LW,OWENS,MARION,OWENS_MARION
LW,PEGRAM,MARION,PEGRAM_MARION
LW,PENDARVIS,MARION,PENDARVIS_MARION
LW,SHOESOLE,MARION,SHOESOLE_MARION
LW,SMITH,MARION,SMITH_MARION
LW,SUNSET HARBOR,MARION,SUNSET HARBOR_MARION
LW,TIGER,MARION,TIGER_MARION
LW,TOMAHAWK,MARION,TOMAHAWK_MARION
LW,LAMAY,MARTIN,LAMAY_MARTIN
LW,AQUA BOWL,MIAMI-DADE,AQUA BOWL_MIAMI-DADE
LW,ARCH CREEK,MIAMI-DADE,ARCH CREEK_MIAMI-DADE
LW,BONITA 1,MIAMI-DADE,BONITA 1_MIAMI-DADE
LW,CHARA,MIAMI-DADE,CHARA_MIAMI-DADE
LW,COCONUT,MIAMI-DADE,COCONUT_MIAMI-DADE
LW,COLONIAL,MIAMI-DADE,COLONIAL_MIAMI-DADE
LW,CROSSINGS,MIAMI-DADE,CROSSINGS_MIAMI-DADE
LW,DEVON AIRE,MIAMI-DADE,DEVON AIRE_MIAMI-DADE
LW,E,MIAMI-DADE,E_MIAMI-DADE
LW,ESPLANADE,MIAMI-DADE,ESPLANADE_MIAMI-DADE
LW,FEEDER,MIAMI-DADE,FEEDER_MIAMI-DADE
LW,FIORENTINO,MIAMI-DADE,FIORENTINO_MIAMI-DADE
LW,FIU NATURE PRESERVE,MIAMI-DADE,FIU NATURE PRESERVE_MIAMI-DADE
LW,GLADE,MIAMI-DADE,GLADE_MIAMI-DADE
LW,GMSC,MIAMI-DADE,GMSC_MIAMI-DADE
LW,HAMMOCK 1,MIAMI-DADE,HAMMOCK 1_MIAMI-DADE
LW,HAMMOCK 2,MIAMI-DADE,HAMMOCK 2_MIAMI-DADE
LW,HIGHLAND,MIAMI-DADE,HIGHLAND_MIAMI-DADE
LW,IVES DAIRY,MIAMI-DADE,IVES DAIRY_MIAMI-DADE
LW,LAGO LUNA,MIAMI-DADE,LAGO LUNA_MIAMI-DADE
LW,LAGO SOL,MIAMI-DADE,LAGO SOL_MIAMI-DADE
LW,LAKERIDGE,MIAMI-DADE,LAKERIDGE_MIAMI-DADE
LW,LINDGREN,MIAMI-DADE,LINDGREN_MIAMI-DADE
LW,LUCY REDLAND,MIAMI-DADE,LUCY REDLAND_MIAMI-DADE
LW,MITCHELL,MIAMI-DADE,MITCHELL_MIAMI-DADE
LW,NORTH BASS,MIAMI-DADE,NORTH BASS_MIAMI-DADE
LW,OAKLAND,MIAMI-DADE,OAKLAND_MIAMI-DADE
LW,PANDANAS,MIAMI-DADE,PANDANAS_MIAMI-DADE
LW,PAVILLION 12,MIAMI-DADE,PAVILLION 12_MIAMI-DADE
LW,PERSCH,MIAMI-DADE,PERSCH_MIAMI-DADE
LW,PINELAND,MIAMI-DADE,PINELAND_MIAMI-DADE
LW,ROYAL,MIAMI-DADE,ROYAL_MIAMI-DADE
LW,SINGAPORE,MIAMI-DADE,SINGAPORE_MIAMI-DADE
LW,SKY,MIAMI-DADE,SKY_MIAMI-DADE
LW,SNAPPER CREEK PARK,MIAMI-DADE,SNAPPER CREEK PARK_MIAMI-DADE
LW,SNOOK POND,MIAMI-DADE,SNOOK POND_MIAMI-DADE
LW,SUNRISE,MIAMI-DADE,SUNRISE_MIAMI-DADE
LW,WHISPERING PINES,MIAMI-DADE,WHISPERING PINES_MIAMI-DADE
LW,DESBIENS,MONROE,DESBIENS_MONROE
LW,KEY WEST POND,MONROE,KEY WEST POND_MONROE
LW,NORTHSIDE,MONROE,NORTHSIDE_MONROE
LW,EAST NASSAU,NASSAU,EAST NASSAU_NASSAU
LW,BASS,OKALOOSA,BASS_OKALOOSA
LW,COLEMAN,OKALOOSA,COLEMAN_OKALOOSA
LW,EARL,OKALOOSA,EARL_OKALOOSA
LW,GRASS,OKALOOSA,GRASS_OKALOOSA
LW,KELL-AIRE,OKALOOSA,KELL-AIRE_OKALOOSA
LW,QUAIL,OKALOOSA,QUAIL_OKALOOSA
LW,ROBERTS,OKALOOSA,ROBERTS_OKALOOSA
LW,SPRING,OKALOOSA,SPRING_OKALOOSA
LW,ADAIR,ORANGE,ADAIR_ORANGE
LW,ANGELINA,ORANGE,ANGELINA_ORANGE
LW,ARNOLD,ORANGE,ARNOLD_ORANGE
LW,AVALON,ORANGE,AVALON_ORANGE
LW,BARTON,ORANGE,BARTON_ORANGE
LW,BAY,ORANGE,BAY_ORANGE
LW,BELL,ORANGE,BELL_ORANGE
LW,BENNETT,ORANGE,BENNETT_ORANGE
LW,BESSIE,ORANGE,BESSIE_ORANGE
LW,BIG SAND,ORANGE,BIG SAND_ORANGE
LW,BIG SAND BAY,ORANGE,BIG SAND BAY_ORANGE
LW,BOERS,ORANGE,BOERS_ORANGE
LW,BURKETT,ORANGE,BURKETT_ORANGE
LW,C,ORANGE,C_ORANGE
LW,CANE,ORANGE,CANE_ORANGE
LW,CAY DEE,ORANGE,CAY DEE_ORANGE
LW,CAY DEE NORTH,ORANGE,CAY DEE NORTH_ORANGE
LW,CAY DEE SOUTH,ORANGE,CAY DEE SOUTH_ORANGE
LW,CHEROKEE,ORANGE,CHEROKEE_ORANGE
LW,CHRISTIE,ORANGE,CHRISTIE_ORANGE
LW,CLAIRE,ORANGE,CLAIRE_ORANGE
LW,COMO,ORANGE,COMO_ORANGE
LW,CONCORD,ORANGE,CONCORD_ORANGE
LW,CONWAY SOUTH,ORANGE,CONWAY SOUTH_ORANGE
LW,COPELAND,ORANGE,COPELAND_ORANGE
LW,CRESCENT,ORANGE,CRESCENT_ORANGE
LW,CRYSTAL,ORANGE,CRYSTAL_ORANGE
LW,CYPRESS,ORANGE,CYPRESS_ORANGE
LW,DANIEL,ORANGE,DANIEL_ORANGE
LW,DAVIS,ORANGE,DAVIS_ORANGE
LW,DOT,ORANGE,DOT_ORANGE
LW,DOUGLAS,ORANGE,DOUGLAS_ORANGE
LW,DOWNEY,ORANGE,DOWNEY_ORANGE
LW,DRAWDY,ORANGE,DRAWDY_ORANGE
LW,DREAM,ORANGE,DREAM_ORANGE
LW,DRUID,ORANGE,DRUID_ORANGE
LW,EOLA,ORANGE,EOLA_ORANGE
LW,ESTELLE,ORANGE,ESTELLE_ORANGE
LW,ESTELLE EAST,ORANGE,ESTELLE EAST_ORANGE
LW,EULALIA,ORANGE,EULALIA_ORANGE
LW,EVE,ORANGE,EVE_ORANGE
LW,FARRAR,ORANGE,FARRAR_ORANGE
LW,FISCHER,ORANGE,FISCHER_ORANGE
LW,FISH,ORANGE,FISH_ORANGE
LW,FLOY,ORANGE,FLOY_ORANGE
LW,FORMOSA,ORANGE,FORMOSA_ORANGE
LW,FREDRICA,ORANGE,FREDRICA_ORANGE
LW,GEAR,ORANGE,GEAR_ORANGE
LW,GEM,ORANGE,GEM_ORANGE
LW,GEORGE,ORANGE,GEORGE_ORANGE
LW,GEORGIA,ORANGE,GEORGIA_ORANGE
LW,GILES,ORANGE,GILES_ORANGE
LW,GREENWOOD,ORANGE,GREENWOOD_ORANGE
LW,HIAWASSEE,ORANGE,HIAWASSEE_ORANGE
LW,HICKORYNUT,ORANGE,HICKORYNUT_ORANGE
LW,HICKORYNUT SOUTH,ORANGE,HICKORYNUT SOUTH_ORANGE
LW,HIGHLAND,ORANGE,HIGHLAND_ORANGE
LW,HOLDEN,ORANGE,HOLDEN_ORANGE
LW,HOPE,ORANGE,HOPE_ORANGE
LW,HORSESHOE,ORANGE,HORSESHOE_ORANGE
LW,HOURGLASS,ORANGE,HOURGLASS_ORANGE
LW,HUBBERT,ORANGE,HUBBERT_ORANGE
LW,HUCKLEBERRY,ORANGE,HUCKLEBERRY_ORANGE
LW,IRMA,ORANGE,IRMA_ORANGE
LW,IVANHOE MIDDLE,ORANGE,IVANHOE MIDDLE_ORANGE
LW,IVANHOE NORTHWEST,ORANGE,IVANHOE NORTHWEST_ORANGE
LW,IVANHOE WEST,ORANGE,IVANHOE WEST_ORANGE
LW,JACKSON,ORANGE,JACKSON_ORANGE
LW,JESSAMINE NORTH,ORANGE,JESSAMINE NORTH_ORANGE
LW,JESSAMINE SOUTH,ORANGE,JESSAMINE SOUTH_ORANGE
LW,JOHIO,ORANGE,JOHIO_ORANGE
LW,KILLARNEY,ORANGE,KILLARNEY_ORANGE
LW,LA GRANGE,ORANGE,LA GRANGE_ORANGE
LW,LANCASTER,ORANGE,LANCASTER_ORANGE
LW,LAWSONA,ORANGE,LAWSONA_ORANGE
LW,LEE,ORANGE,LEE_ORANGE
LW,LITTLE CONWAY,ORANGE,LITTLE CONWAY_ORANGE
LW,LITTLE DOWN,ORANGE,LITTLE DOWN_ORANGE
LW,LITTLE FAIRVIEW,ORANGE,LITTLE FAIRVIEW_ORANGE
LW,LITTLE HICKORYNUT,ORANGE,LITTLE HICKORYNUT_ORANGE
LW,LITTLE PHEASANT,ORANGE,LITTLE PHEASANT_ORANGE
LW,LITTLE WAUSEON BAY,ORANGE,LITTLE WAUSEON BAY_ORANGE
LW,LOCKHART,ORANGE,LOCKHART_ORANGE
LW,LORNA DOONE,ORANGE,LORNA DOONE_ORANGE
LW,LOST COVE,ORANGE,LOST COVE_ORANGE
LW,LOVE,ORANGE,LOVE_ORANGE
LW,LUCERNE EAST,ORANGE,LUCERNE EAST_ORANGE
LW,LUCERNE WEST,ORANGE,LUCERNE WEST_ORANGE
LW,LUCIEN,ORANGE,LUCIEN_ORANGE
LW,LUCY,ORANGE,LUCY_ORANGE
LW,LURNA,ORANGE,LURNA_ORANGE
LW,MARGARET,ORANGE,MARGARET_ORANGE
LW,MARSHA,ORANGE,MARSHA_ORANGE
LW,MARSHALL,ORANGE,MARSHALL_ORANGE
LW,MARTHA,ORANGE,MARTHA_ORANGE
LW,MARY JESS,ORANGE,MARY JESS_ORANGE
LW,METRO WEST,ORANGE,METRO WEST_ORANGE
LW,MIRA,ORANGE,MIRA_ORANGE
LW,MOXIE,ORANGE,MOXIE_ORANGE
LW,NAN,ORANGE,NAN_ORANGE
LW,NORTH LOTTA,ORANGE,NORTH LOTTA_ORANGE
LW,OLA,ORANGE,OLA_ORANGE
LW,OLA LITTLE,ORANGE,OLA LITTLE_ORANGE
LW,OLIVE,ORANGE,OLIVE_ORANGE
LW,OLIVIA,ORANGE,OLIVIA_ORANGE
LW,OLYMPIA,ORANGE,OLYMPIA_ORANGE
LW,ORLANDO,ORANGE,ORLANDO_ORANGE
LW,PARK,ORANGE,PARK_ORANGE
LW,PEACH,ORANGE,PEACH_ORANGE
LW,PEARL,ORANGE,PEARL_ORANGE
LW,PINELOCH,ORANGE,PINELOCH_ORANGE
LW,PORTER,ORANGE,PORTER_ORANGE
LW,PRAIRIE,ORANGE,PRAIRIE_ORANGE
LW,PRICE,ORANGE,PRICE_ORANGE
LW,RABAMA,ORANGE,RABAMA_ORANGE
LW,RICHMOND,ORANGE,RICHMOND_ORANGE
LW,ROCK,ORANGE,ROCK_ORANGE
LW,ROSE,ORANGE,ROSE_ORANGE
LW,ROSE HILL,ORANGE,ROSE HILL_ORANGE
LW,ROUSE,ORANGE,ROUSE_ORANGE
LW,ROWENA,ORANGE,ROWENA_ORANGE
LW,SAN SUSAN,ORANGE,SAN SUSAN_ORANGE
LW,SANDY,ORANGE,SANDY_ORANGE
LW,SANTIAGO,ORANGE,SANTIAGO_ORANGE
LW,SAWYER,ORANGE,SAWYER_ORANGE
LW,SERENE,ORANGE,SERENE_ORANGE
LW,SHANNON,ORANGE,SHANNON_ORANGE
LW,SHEPPARD,ORANGE,SHEPPARD_ORANGE
LW,SILVER,ORANGE,SILVER_ORANGE
LW,SMITH,ORANGE,SMITH_ORANGE
LW,SOUTH LOTTA,ORANGE,SOUTH LOTTA_ORANGE
LW,SPEER,ORANGE,SPEER_ORANGE
LW,SPRING,ORANGE,SPRING_ORANGE
LW,SPRING 2,ORANGE,SPRING 2_ORANGE
LW,STANLEY,ORANGE,STANLEY_ORANGE
LW,STARKE,ORANGE,STARKE_ORANGE
LW,SUE,ORANGE,SUE_ORANGE
LW,SUSANNAH,ORANGE,SUSANNAH_ORANGE
LW,SYBELIA,ORANGE,SYBELIA_ORANGE
LW,TENNESSEE,ORANGE,TENNESSEE_ORANGE
LW,TERRACE,ORANGE,TERRACE_ORANGE
LW,THERESA,ORANGE,THERESA_ORANGE
LW,TIMBER RIVER POND,ORANGE,TIMBER RIVER POND_ORANGE
LW,TUCKER,ORANGE,TUCKER_ORANGE
LW,WADE,ORANGE,WADE_ORANGE
LW,WALKER,ORANGE,WALKER_ORANGE
LW,WAUMPI,ORANGE,WAUMPI_ORANGE
LW,WAUNATTA,ORANGE,WAUNATTA_ORANGE
LW,WAUSEON BAY,ORANGE,WAUSEON BAY_ORANGE
LW,WELDONA,ORANGE,WELDONA_ORANGE
LW,WEST,ORANGE,WEST_ORANGE
LW,WHIPPOORWILL,ORANGE,WHIPPOORWILL_ORANGE
LW,WILLIAM DAVIS,ORANGE,WILLIAM DAVIS_ORANGE
LW,WILLIS,ORANGE,WILLIS_ORANGE
LW,WILLISARIA,ORANGE,WILLISARIA_ORANGE
LW,WINYAH,ORANGE,WINYAH_ORANGE
LW,WISE,ORANGE,WISE_ORANGE
LW,AJAY,OSCEOLA,AJAY_OSCEOLA
LW,BAY,OSCEOLA,BAY_OSCEOLA
LW,BOGGY COVE,OSCEOLA,BOGGY COVE_OSCEOLA
LW,BUCK,OSCEOLA,BUCK_OSCEOLA
LW,CAT,OSCEOLA,CAT_OSCEOLA
LW,CECILE,OSCEOLA,CECILE_OSCEOLA
LW,CIVIC CENTER POND,OSCEOLA,CIVIC CENTER POND_OSCEOLA
LW,CYPRESS EAST,OSCEOLA,CYPRESS EAST_OSCEOLA
LW,FELLS COVE,OSCEOLA,FELLS COVE_OSCEOLA
LW,HARMONY ESTATES-RETENTION POND,OSCEOLA,HARMONY ESTATES-RETENTION POND_OSCEOLA
LW,HINDEN,OSCEOLA,HINDEN_OSCEOLA
LW,HOLE #2 POND,OSCEOLA,HOLE #2 POND_OSCEOLA
LW,HOUSE OF DREAMS,OSCEOLA,HOUSE OF DREAMS_OSCEOLA
LW,LAUREL,OSCEOLA,LAUREL_OSCEOLA
LW,LIVE OAK,OSCEOLA,LIVE OAK_OSCEOLA
LW,OHP-CVB,OSCEOLA,OHP-CVB_OSCEOLA
LW,OHP-ENTRANCE POND,OSCEOLA,OHP-ENTRANCE POND_OSCEOLA
LW,OHP-MARY BETH,OSCEOLA,OHP-MARY BETH_OSCEOLA
LW,OHP-STADIUM POND,OSCEOLA,OHP-STADIUM POND_OSCEOLA
LW,TOHOPEKALIGA,OSCEOLA,TOHOPEKALIGA_OSCEOLA
LW,TOHOPEKALIGA EAST,OSCEOLA,TOHOPEKALIGA EAST_OSCEOLA
LW,TOHOPEKALIGA-MIDDLE,OSCEOLA,TOHOPEKALIGA-MIDDLE_OSCEOLA
LW,TOHOPEKALIGA-NORTH,OSCEOLA,TOHOPEKALIGA-NORTH_OSCEOLA
LW,TOHOPEKALIGA-SOUTH,OSCEOLA,TOHOPEKALIGA-SOUTH_OSCEOLA
LW,VALENCIA BIG,OSCEOLA,VALENCIA BIG_OSCEOLA
LW,VALENCIA SMALL,OSCEOLA,VALENCIA SMALL_OSCEOLA
LW,BANYAN,PALM BEACH,BANYAN_PALM BEACH
LW,BUENA VIDA,PALM BEACH,BUENA VIDA_PALM BEACH
LW,CHARLESTON EAST,PALM BEACH,CHARLESTON EAST_PALM BEACH
LW,CHARLESTON MIDDLE,PALM BEACH,CHARLESTON MIDDLE_PALM BEACH
LW,CHARLESTON WEST,PALM BEACH,CHARLESTON WEST_PALM BEACH
LW,GODS,PALM BEACH,GODS_PALM BEACH
LW,GREEN CAY,PALM BEACH,GREEN CAY_PALM BEACH
LW,ISLAND,PALM BEACH,ISLAND_PALM BEACH
LW,JULIE,PALM BEACH,JULIE_PALM BEACH
LW,MOULTRIE,PALM BEACH,MOULTRIE_PALM BEACH
LW,OSBORNE CANAL EAST,PALM BEACH,OSBORNE CANAL EAST_PALM BEACH
LW,OSBORNE CANAL MIDDLE,PALM BEACH,OSBORNE CANAL MIDDLE_PALM BEACH
LW,OSBORNE CANAL WEST,PALM BEACH,OSBORNE CANAL WEST_PALM BEACH
LW,PINE,PALM BEACH,PINE_PALM BEACH
LW,QUIET WATERS,PALM BEACH,QUIET WATERS_PALM BEACH
LW,SANTEE,PALM BEACH,SANTEE_PALM BEACH
LW,SILVER,PALM BEACH,SILVER_PALM BEACH
LW,WELLINGTON,PALM BEACH,WELLINGTON_PALM BEACH
LW,WESTWOOD,PALM BEACH,WESTWOOD_PALM BEACH
LW,WORTH,PALM BEACH,WORTH_PALM BEACH
LW,BASS,PASCO,BASS_PASCO
LW,BELL,PASCO,BELL_PASCO
LW,BELL CANAL-1,PASCO,BELL CANAL-1_PASCO
LW,BELL CANAL-2,PASCO,BELL CANAL-2_PASCO
LW,BIG VIENNA,PASCO,BIG VIENNA_PASCO
LW,BIRD,PASCO,BIRD_PASCO
LW,BLANTON,PASCO,BLANTON_PASCO
LW,CHRISTINA,PASCO,CHRISTINA_PASCO
LW,CONLEY,PASCO,CONLEY_PASCO
LW,CREWS,PASCO,CREWS_PASCO
LW,DUPREE,PASCO,DUPREE_PASCO
LW,EAST,PASCO,EAST_PASCO
LW,EAST ELLIS,PASCO,EAST ELLIS_PASCO
LW,FLOYD,PASCO,FLOYD_PASCO
LW,GARDENIA,PASCO,GARDENIA_PASCO
LW,GENESIS,PASCO,GENESIS_PASCO
LW,GENEVA,PASCO,GENEVA_PASCO
LW,GEORGE,PASCO,GEORGE_PASCO
LW,GREEN,PASCO,GREEN_PASCO
LW,HERON,PASCO,HERON_PASCO
LW,HOLIDAY,PASCO,HOLIDAY_PASCO
LW,JEROME,PASCO,JEROME_PASCO
LW,JOVITA,PASCO,JOVITA_PASCO
LW,JOYCE,PASCO,JOYCE_PASCO
LW,KARNEY,PASCO,KARNEY_PASCO
LW,KING,PASCO,KING_PASCO
LW,LAZY DUCK,PASCO,LAZY DUCK_PASCO
LW,LINDA,PASCO,LINDA_PASCO
LW,LITTLE BLACK,PASCO,LITTLE BLACK_PASCO
LW,LITTLE COMO,PASCO,LITTLE COMO_PASCO
LW,LITTLE EAST,PASCO,LITTLE EAST_PASCO
LW,LITTLE MOSS,PASCO,LITTLE MOSS_PASCO
LW,LITTLE VIENNA,PASCO,LITTLE VIENNA_PASCO
LW,MINNEOLA,PASCO,MINNEOLA_PASCO
LW,NASH,PASCO,NASH_PASCO
LW,PADGETT NORTH,PASCO,PADGETT NORTH_PASCO
LW,PADGETT SOUTH,PASCO,PADGETT SOUTH_PASCO
LW,PARKER,PASCO,PARKER_PASCO
LW,PASADENA,PASCO,PASADENA_PASCO
LW,SAXON NORTH,PASCO,SAXON NORTH_PASCO
LW,SAXON SOUTH,PASCO,SAXON SOUTH_PASCO
LW,SEMINOLE,PASCO,SEMINOLE_PASCO
LW,TAMPA,PASCO,TAMPA_PASCO
LW,THOMAS,PASCO,THOMAS_PASCO
LW,TREASURE,PASCO,TREASURE_PASCO
LW,TWIN,PASCO,TWIN_PASCO
LW,VIENNA,PASCO,VIENNA_PASCO
LW,ALLEN,PINELLAS,ALLEN_PINELLAS
LW,ALLIGATOR,PINELLAS,ALLIGATOR_PINELLAS
LW,ALLISON,PINELLAS,ALLISON_PINELLAS
LW,BAYWOOD,PINELLAS,BAYWOOD_PINELLAS
LW,BECKETT,PINELLAS,BECKETT_PINELLAS
LW,BLUE HERON,PINELLAS,BLUE HERON_PINELLAS
LW,CHAUTAUQUA,PINELLAS,CHAUTAUQUA_PINELLAS
LW,CLEARVIEW,PINELLAS,CLEARVIEW_PINELLAS
LW,CLIFF STEPHENS PARK,PINELLAS,CLIFF STEPHENS PARK_PINELLAS
LW,CONSTANCE,PINELLAS,CONSTANCE_PINELLAS
LW,COUNTRY WOODS,PINELLAS,COUNTRY WOODS_PINELLAS
LW,CRESCENT,PINELLAS,CRESCENT_PINELLAS
LW,CREST,PINELLAS,CREST_PINELLAS
LW,EGRET,PINELLAS,EGRET_PINELLAS
LW,FLAMINGO,PINELLAS,FLAMINGO_PINELLAS
LW,FOREST,PINELLAS,FOREST_PINELLAS
LW,FUSION,PINELLAS,FUSION_PINELLAS
LW,GARDENIA,PINELLAS,GARDENIA_PINELLAS
LW,HARBOR,PINELLAS,HARBOR_PINELLAS
LW,HARBOR ISLE,PINELLAS,HARBOR ISLE_PINELLAS
LW,HELENA,PINELLAS,HELENA_PINELLAS
LW,HERON,PINELLAS,HERON_PINELLAS
LW,HEWITT,PINELLAS,HEWITT_PINELLAS
LW,LOCH HAVEN,PINELLAS,LOCH HAVEN_PINELLAS
LW,LUCERNE,PINELLAS,LUCERNE_PINELLAS
LW,MOCCASIN,PINELLAS,MOCCASIN_PINELLAS
LW,OAK,PINELLAS,OAK_PINELLAS
LW,PINE OAK,PINELLAS,PINE OAK_PINELLAS
LW,PLACID,PINELLAS,PLACID_PINELLAS
LW,PLACIDO,PINELLAS,PLACIDO_PINELLAS
LW,PLACIDO CANAL NORTH,PINELLAS,PLACIDO CANAL NORTH_PINELLAS
LW,RAINBOW,PINELLAS,RAINBOW_PINELLAS
LW,SKIPPER,PINELLAS,SKIPPER_PINELLAS
LW,SPRING,PINELLAS,SPRING_PINELLAS
LW,ST. GEORGE,PINELLAS,ST. GEORGE_PINELLAS
LW,SYLVIA,PINELLAS,SYLVIA_PINELLAS
LW,TAYLOR,PINELLAS,TAYLOR_PINELLAS
LW,TURTLE,PINELLAS,TURTLE_PINELLAS
LW,WESTCHESTER,PINELLAS,WESTCHESTER_PINELLAS
LW,ARIETTA,POLK,ARIETTA_POLK
LW,AURORA,POLK,AURORA_POLK
LW,BANANA PIT SOUTH,POLK,BANANA PIT SOUTH_POLK
LW,BELLE EAST,POLK,BELLE EAST_POLK
LW,BELLE WEST,POLK,BELLE WEST_POLK
LW,BENTLEY,POLK,BENTLEY_POLK
LW,BESS,POLK,BESS_POLK
LW,BIG BASS,POLK,BIG BASS_POLK
LW,BLUE SOUTH,POLK,BLUE SOUTH_POLK
LW,BOCA COVE,POLK,BOCA COVE_POLK
LW,BONNET,POLK,BONNET_POLK
LW,CLARK,POLK,CLARK_POLK
LW,CLEARWATER,POLK,CLEARWATER_POLK
LW,CRAGO,POLK,CRAGO_POLK
LW,CRESCENT,POLK,CRESCENT_POLK
LW,CROOKED-BABSON PARK,POLK,CROOKED-BABSON PARK_POLK
LW,CROOKED-SEMINOLE RD. DRAIN,POLK,CROOKED-SEMINOLE RD. DRAIN_POLK
LW,CYPRESS,POLK,CYPRESS_POLK
LW,DAVENPORT NORTH,POLK,DAVENPORT NORTH_POLK
LW,DEXTER,POLK,DEXTER_POLK
LW,DINNER,POLK,DINNER_POLK
LW,EAGLE,POLK,EAGLE_POLK
LW,FAUNA,POLK,FAUNA_POLK
LW,FLORA,POLK,FLORA_POLK
LW,GASKINS CUT,POLK,GASKINS CUT_POLK
LW,HAINES-COVE,POLK,HAINES-COVE_POLK
LW,HAINES-GOLF CLUB,POLK,HAINES-GOLF CLUB_POLK
LW,HELEN,POLK,HELEN_POLK
LW,HENRY,POLK,HENRY_POLK
LW,IDA,POLK,IDA_POLK
LW,JOSEPHINE,POLK,JOSEPHINE_POLK
LW,LITTLE BASS,POLK,LITTLE BASS_POLK
LW,LITTLE CROOKED,POLK,LITTLE CROOKED_POLK
LW,LITTLE ELBERT,POLK,LITTLE ELBERT_POLK
LW,LITTLE HAMILTON,POLK,LITTLE HAMILTON_POLK
LW,LITTLE OTIS,POLK,LITTLE OTIS_POLK
LW,LITTLE SPIRIT,POLK,LITTLE SPIRIT_POLK
LW,LITTLE WINTERSET,POLK,LITTLE WINTERSET_POLK
LW,LIZZIE,POLK,LIZZIE_POLK
LW,LOST,POLK,LOST_POLK
LW,LUCERNE,POLK,LUCERNE_POLK
LW,MABEL,POLK,MABEL_POLK
LW,MOUNTAIN 2,POLK,MOUNTAIN 2_POLK
LW,OTIS,POLK,OTIS_POLK
LW,OTTER,POLK,OTTER_POLK
LW,PARKS,POLK,PARKS_POLK
LW,PATRICK,POLK,PATRICK_POLK
LW,POLLOCK,POLK,POLLOCK_POLK
LW,RING,POLK,RING_POLK
LW,RIVER,POLK,RIVER_POLK
LW,RUBY,POLK,RUBY_POLK
LW,SCOTT,POLK,SCOTT_POLK
LW,SPIRIT,POLK,SPIRIT_POLK
LW,ST. ANNE,POLK,ST. ANNE_POLK
LW,STARR,POLK,STARR_POLK
LW,SYMPHONY,POLK,SYMPHONY_POLK
LW,WHISTLER,POLK,WHISTLER_POLK
LW,WINTERSET,POLK,WINTERSET_POLK
LW,ANDERSON CUE,PUTNAM,ANDERSON CUE_PUTNAM
LW,ANNIE,PUTNAM,ANNIE_PUTNAM
LW,ASHLEY,PUTNAM,ASHLEY_PUTNAM
LW,BANANA,PUTNAM,BANANA_PUTNAM
LW,BARCO,PUTNAM,BARCO_PUTNAM
LW,BELL,PUTNAM,BELL_PUTNAM
LW,BLUE,PUTNAM,BLUE_PUTNAM
LW,BOLL GREEN,PUTNAM,BOLL GREEN_PUTNAM
LW,BRANTLEY,PUTNAM,BRANTLEY_PUTNAM
LW,BRANTLEY 2,PUTNAM,BRANTLEY 2_PUTNAM
LW,BROWARD,PUTNAM,BROWARD_PUTNAM
LW,CHIPCO,PUTNAM,CHIPCO_PUTNAM
LW,CHURCH,PUTNAM,CHURCH_PUTNAM
LW,CLEAR,PUTNAM,CLEAR_PUTNAM
LW,CLEARWATER 2,PUTNAM,CLEARWATER 2_PUTNAM
LW,COMO,PUTNAM,COMO_PUTNAM
LW,COWPEN,PUTNAM,COWPEN_PUTNAM
LW,CRESCENT NORTH,PUTNAM,CRESCENT NORTH_PUTNAM
LW,CRESCENT SOUTH,PUTNAM,CRESCENT SOUTH_PUTNAM
LW,EAST,PUTNAM,EAST_PUTNAM
LW,EAST TWIN,PUTNAM,EAST TWIN_PUTNAM
LW,ENGLISH,PUTNAM,ENGLISH_PUTNAM
LW,ENSLOW,PUTNAM,ENSLOW_PUTNAM
LW,FANNY,PUTNAM,FANNY_PUTNAM
LW,FAYE,PUTNAM,FAYE_PUTNAM
LW,GALILEE,PUTNAM,GALILEE_PUTNAM
LW,GEORGE,PUTNAM,GEORGE_PUTNAM
LW,GEORGE EAST,PUTNAM,GEORGE EAST_PUTNAM
LW,GEORGE SOUTH,PUTNAM,GEORGE SOUTH_PUTNAM
LW,GILLIS,PUTNAM,GILLIS_PUTNAM
LW,GOOSE,PUTNAM,GOOSE_PUTNAM
LW,GREEN POND,PUTNAM,GREEN POND_PUTNAM
LW,HARDESTY,PUTNAM,HARDESTY_PUTNAM
LW,HEWITT,PUTNAM,HEWITT_PUTNAM
LW,HIGGENBOTHAM,PUTNAM,HIGGENBOTHAM_PUTNAM
LW,IDA,PUTNAM,IDA_PUTNAM
LW,JEWEL,PUTNAM,JEWEL_PUTNAM
LW,JOHNTRY POND,PUTNAM,JOHNTRY POND_PUTNAM
LW,JUNIOR,PUTNAM,JUNIOR_PUTNAM
LW,LAGONDA,PUTNAM,LAGONDA_PUTNAM
LW,LITTLE CLEARWATER 2,PUTNAM,LITTLE CLEARWATER 2_PUTNAM
LW,LITTLE MCMEEKIN,PUTNAM,LITTLE MCMEEKIN_PUTNAM
LW,LITTLE SWAN,PUTNAM,LITTLE SWAN_PUTNAM
LW,LONG POND,PUTNAM,LONG POND_PUTNAM
LW,MARINER,PUTNAM,MARINER_PUTNAM
LW,MASON,PUTNAM,MASON_PUTNAM
LW,MCCLOUD,PUTNAM,MCCLOUD_PUTNAM
LW,MCMEEKIN,PUTNAM,MCMEEKIN_PUTNAM
LW,MORRIS,PUTNAM,MORRIS_PUTNAM
LW,MUD,PUTNAM,MUD_PUTNAM
LW,NORTH ESTELLA,PUTNAM,NORTH ESTELLA_PUTNAM
LW,NORTH TWIN,PUTNAM,NORTH TWIN_PUTNAM
LW,OMEGA,PUTNAM,OMEGA_PUTNAM
LW,PUNCHBOWL,PUTNAM,PUNCHBOWL_PUTNAM
LW,REDWATER,PUTNAM,REDWATER_PUTNAM
LW,RILEY,PUTNAM,RILEY_PUTNAM
LW,ROCKY,PUTNAM,ROCKY_PUTNAM
LW,RODMAN-2,PUTNAM,RODMAN-2_PUTNAM
LW,RODMAN-3,PUTNAM,RODMAN-3_PUTNAM
LW,RODMAN-4,PUTNAM,RODMAN-4_PUTNAM
LW,RODMAN-4A,PUTNAM,RODMAN-4A_PUTNAM
LW,RODMAN-5,PUTNAM,RODMAN-5_PUTNAM
LW,RODMAN-6,PUTNAM,RODMAN-6_PUTNAM
LW,RODMAN-OUT 1,PUTNAM,RODMAN-OUT 1_PUTNAM
LW,RODMAN-OUT 3,PUTNAM,RODMAN-OUT 3_PUTNAM
LW,ROSA,PUTNAM,ROSA_PUTNAM
LW,ROSS,PUTNAM,ROSS_PUTNAM
LW,ROUND,PUTNAM,ROUND_PUTNAM
LW,ROWAN,PUTNAM,ROWAN_PUTNAM
LW,SILVER,PUTNAM,SILVER_PUTNAM
LW,SILVER 2,PUTNAM,SILVER 2_PUTNAM
LW,SILVER 3,PUTNAM,SILVER 3_PUTNAM
LW,SOUTH BULL POND,PUTNAM,SOUTH BULL POND_PUTNAM
LW,SOUTH ESTELLA,PUTNAM,SOUTH ESTELLA_PUTNAM
LW,SPRING,PUTNAM,SPRING_PUTNAM
LW,STAR,PUTNAM,STAR_PUTNAM
LW,SUGGS,PUTNAM,SUGGS_PUTNAM
LW,SWAN,PUTNAM,SWAN_PUTNAM
LW,TUCKER,PUTNAM,TUCKER_PUTNAM
LW,TWIN WEST,PUTNAM,TWIN WEST_PUTNAM
LW,WIMBERLY,PUTNAM,WIMBERLY_PUTNAM
LW,WINNOTT,PUTNAM,WINNOTT_PUTNAM
LW,BELUTHAHATCHEE,SAINTJOHN'S,BELUTHAHATCHEE_SAINTJOHN'S
LW,ANN,SAINTLUCIE,ANN_SAINTLUCIE
LW,BEL AIR,SAINTLUCIE,BEL AIR_SAINTLUCIE
LW,DAVID,SAINTLUCIE,DAVID_SAINTLUCIE
LW,DE WITT,SAINTLUCIE,DE WITT_SAINTLUCIE
LW,DEBORAH,SAINTLUCIE,DEBORAH_SAINTLUCIE
LW,DOLORES,SAINTLUCIE,DOLORES_SAINTLUCIE
LW,HARRIET,SAINTLUCIE,HARRIET_SAINTLUCIE
LW,JEAN,SAINTLUCIE,JEAN_SAINTLUCIE
LW,JEFFERY,SAINTLUCIE,JEFFERY_SAINTLUCIE
LW,KAREN,SAINTLUCIE,KAREN_SAINTLUCIE
LW,KARLS POND,SAINTLUCIE,KARLS POND_SAINTLUCIE
LW,LAGUNA,SAINTLUCIE,LAGUNA_SAINTLUCIE
LW,MARGARET,SAINTLUCIE,MARGARET_SAINTLUCIE
LW,MILE,SAINTLUCIE,MILE_SAINTLUCIE
LW,PATRICIA,SAINTLUCIE,PATRICIA_SAINTLUCIE
LW,PHILLIP,SAINTLUCIE,PHILLIP_SAINTLUCIE
LW,PHYLLIS,SAINTLUCIE,PHYLLIS_SAINTLUCIE
LW,PSL BOTANICAL GARDENS,SAINTLUCIE,PSL BOTANICAL GARDENS_SAINTLUCIE
LW,ROSE,SAINTLUCIE,ROSE_SAINTLUCIE
LW,RUCE,SAINTLUCIE,RUCE_SAINTLUCIE
LW,SANDS,SAINTLUCIE,SANDS_SAINTLUCIE
LW,SAVANNA-INDRIO,SAINTLUCIE,SAVANNA-INDRIO_SAINTLUCIE
LW,SAVANNA-MIDWAY,SAINTLUCIE,SAVANNA-MIDWAY_SAINTLUCIE
LW,SHARON,SAINTLUCIE,SHARON_SAINTLUCIE
LW,TOZOUR,SAINTLUCIE,TOZOUR_SAINTLUCIE
LW,BEAR,SANTA ROSA,BEAR_SANTA ROSA
LW,LOCKLIN,SANTA ROSA,LOCKLIN_SANTA ROSA
LW,SKI WATCH,SANTA ROSA,SKI WATCH_SANTA ROSA
LW,WOODBINE SPRINGS,SANTA ROSA,WOODBINE SPRINGS_SANTA ROSA
LW,37,SARASOTA,37_SARASOTA
LW,BOBCAT,SARASOTA,BOBCAT_SARASOTA
LW,CORMORANT,SARASOTA,CORMORANT_SARASOTA
LW,EAGLE,SARASOTA,EAGLE_SARASOTA
LW,EAST,SARASOTA,EAST_SARASOTA
LW,EGRET,SARASOTA,EGRET_SARASOTA
LW,EGRET 2,SARASOTA,EGRET 2_SARASOTA
LW,EVMA 1,SARASOTA,EVMA 1_SARASOTA
LW,EVMA 2,SARASOTA,EVMA 2_SARASOTA
LW,EVMA 3,SARASOTA,EVMA 3_SARASOTA
LW,EVMA 4,SARASOTA,EVMA 4_SARASOTA
LW,EVMA 5,SARASOTA,EVMA 5_SARASOTA
LW,EVMA 6,SARASOTA,EVMA 6_SARASOTA
LW,EVMA 7,SARASOTA,EVMA 7_SARASOTA
LW,G-20,SARASOTA,G-20_SARASOTA
LW,LOON,SARASOTA,LOON_SARASOTA
LW,M-9,SARASOTA,M-9_SARASOTA
LW,MIDDLE,SARASOTA,MIDDLE_SARASOTA
LW,RIVENDEL,SARASOTA,RIVENDEL_SARASOTA
LW,SCHERER,SARASOTA,SCHERER_SARASOTA
LW,SPOONBILL,SARASOTA,SPOONBILL_SARASOTA
LW,WEST,SARASOTA,WEST_SARASOTA
LW,WOODMERE,SARASOTA,WOODMERE_SARASOTA
LW,ADA,SEMINOLE,ADA_SEMINOLE
LW,ADELAIDE,SEMINOLE,ADELAIDE_SEMINOLE
LW,ALMA,SEMINOLE,ALMA_SEMINOLE
LW,AMORY,SEMINOLE,AMORY_SEMINOLE
LW,ANN,SEMINOLE,ANN_SEMINOLE
LW,ASHER,SEMINOLE,ASHER_SEMINOLE
LW,BANANA,SEMINOLE,BANANA_SEMINOLE
LW,BAPTISMAL,SEMINOLE,BAPTISMAL_SEMINOLE
LW,BATH,SEMINOLE,BATH_SEMINOLE
LW,BEAR,SEMINOLE,BEAR_SEMINOLE
LW,BEAR GULLY,SEMINOLE,BEAR GULLY_SEMINOLE
LW,BEATRICE,SEMINOLE,BEATRICE_SEMINOLE
LW,BEAUMONT,SEMINOLE,BEAUMONT_SEMINOLE
LW,BEL-AIR,SEMINOLE,BEL-AIR_SEMINOLE
LW,BINGHAM,SEMINOLE,BINGHAM_SEMINOLE
LW,BRANTLEY,SEMINOLE,BRANTLEY_SEMINOLE
LW,BUCK,SEMINOLE,BUCK_SEMINOLE
LW,CHARM,SEMINOLE,CHARM_SEMINOLE
LW,CLEAR,SEMINOLE,CLEAR_SEMINOLE
LW,COCHRAN,SEMINOLE,COCHRAN_SEMINOLE
LW,CONCORD,SEMINOLE,CONCORD_SEMINOLE
LW,CRANES ROOST,SEMINOLE,CRANES ROOST_SEMINOLE
LW,CRESCENT,SEMINOLE,CRESCENT_SEMINOLE
LW,CRYSTAL BOWL,SEMINOLE,CRYSTAL BOWL_SEMINOLE
LW,CUB,SEMINOLE,CUB_SEMINOLE
LW,DEEP,SEMINOLE,DEEP_SEMINOLE
LW,DEFOREST,SEMINOLE,DEFOREST_SEMINOLE
LW,DOT,SEMINOLE,DOT_SEMINOLE
LW,EAST,SEMINOLE,EAST_SEMINOLE
LW,EAST CRYSTAL,SEMINOLE,EAST CRYSTAL_SEMINOLE
LW,EMILY,SEMINOLE,EMILY_SEMINOLE
LW,EMMA,SEMINOLE,EMMA_SEMINOLE
LW,FAIRY,SEMINOLE,FAIRY_SEMINOLE
LW,FLORENCE,SEMINOLE,FLORENCE_SEMINOLE
LW,FLORIDA,SEMINOLE,FLORIDA_SEMINOLE
LW,FOREST,SEMINOLE,FOREST_SEMINOLE
LW,FRUITWOOD,SEMINOLE,FRUITWOOD_SEMINOLE
LW,GEM,SEMINOLE,GEM_SEMINOLE
LW,GOLDEN,SEMINOLE,GOLDEN_SEMINOLE
LW,GORE,SEMINOLE,GORE_SEMINOLE
LW,GRACE,SEMINOLE,GRACE_SEMINOLE
LW,GRIFFIN,SEMINOLE,GRIFFIN_SEMINOLE
LW,HAYES,SEMINOLE,HAYES_SEMINOLE
LW,HODGE,SEMINOLE,HODGE_SEMINOLE
LW,HORSESHOE,SEMINOLE,HORSESHOE_SEMINOLE
LW,HORSESHOE NORTH,SEMINOLE,HORSESHOE NORTH_SEMINOLE
LW,HOWARD,SEMINOLE,HOWARD_SEMINOLE
LW,HOWELL,SEMINOLE,HOWELL_SEMINOLE
LW,ISLAND NORTH,SEMINOLE,ISLAND NORTH_SEMINOLE
LW,ISLAND POND,SEMINOLE,ISLAND POND_SEMINOLE
LW,JANE,SEMINOLE,JANE_SEMINOLE
LW,JENNIE,SEMINOLE,JENNIE_SEMINOLE
LW,JESUP NORTH,SEMINOLE,JESUP NORTH_SEMINOLE
LW,JESUP-EASTERN SHORE,SEMINOLE,JESUP-EASTERN SHORE_SEMINOLE
LW,JESUP-RIVER,SEMINOLE,JESUP-RIVER_SEMINOLE
LW,KATHRYN,SEMINOLE,KATHRYN_SEMINOLE
LW,LESA POND,SEMINOLE,LESA POND_SEMINOLE
LW,LITTLE BEAR,SEMINOLE,LITTLE BEAR_SEMINOLE
LW,LITTLE HOWELL,SEMINOLE,LITTLE HOWELL_SEMINOLE
LW,LITTLE MARY,SEMINOLE,LITTLE MARY_SEMINOLE
LW,LONG,SEMINOLE,LONG_SEMINOLE
LW,LOST,SEMINOLE,LOST_SEMINOLE
LW,LOTUS,SEMINOLE,LOTUS_SEMINOLE
LW,LOTUS 2,SEMINOLE,LOTUS 2_SEMINOLE
LW,MARION,SEMINOLE,MARION_SEMINOLE
LW,MARION NORTH,SEMINOLE,MARION NORTH_SEMINOLE
LW,MARY,SEMINOLE,MARY_SEMINOLE
LW,MILLS,SEMINOLE,MILLS_SEMINOLE
LW,MINNIE,SEMINOLE,MINNIE_SEMINOLE
LW,MIRROR,SEMINOLE,MIRROR_SEMINOLE
LW,MONROE WEST,SEMINOLE,MONROE WEST_SEMINOLE
LW,MULLET,SEMINOLE,MULLET_SEMINOLE
LW,MYRTLE,SEMINOLE,MYRTLE_SEMINOLE
LW,NONAME,SEMINOLE,NONAME_SEMINOLE
LW,ORIENTA 1,SEMINOLE,ORIENTA 1_SEMINOLE
LW,ORIENTA 2,SEMINOLE,ORIENTA 2_SEMINOLE
LW,ORIENTA EAST,SEMINOLE,ORIENTA EAST_SEMINOLE
LW,ORIENTA NORTH,SEMINOLE,ORIENTA NORTH_SEMINOLE
LW,PEARL,SEMINOLE,PEARL_SEMINOLE
LW,PEARL 2,SEMINOLE,PEARL 2_SEMINOLE
LW,PICKETT,SEMINOLE,PICKETT_SEMINOLE
LW,PICKETT EAST,SEMINOLE,PICKETT EAST_SEMINOLE
LW,PINE,SEMINOLE,PINE_SEMINOLE
LW,PLAZA OVAL,SEMINOLE,PLAZA OVAL_SEMINOLE
LW,POT,SEMINOLE,POT_SEMINOLE
LW,PRAIRIE,SEMINOLE,PRAIRIE_SEMINOLE
LW,QUAIL POND,SEMINOLE,QUAIL POND_SEMINOLE
LW,QUEENS MIRROR,SEMINOLE,QUEENS MIRROR_SEMINOLE
LW,RED BUG,SEMINOLE,RED BUG_SEMINOLE
LW,ROCK,SEMINOLE,ROCK_SEMINOLE
LW,ROGERS,SEMINOLE,ROGERS_SEMINOLE
LW,SEARCY,SEMINOLE,SEARCY_SEMINOLE
LW,SECRET,SEMINOLE,SECRET_SEMINOLE
LW,SEMINARY,SEMINOLE,SEMINARY_SEMINOLE
LW,SILVER,SEMINOLE,SILVER_SEMINOLE
LW,SPRING,SEMINOLE,SPRING_SEMINOLE
LW,SWEETWATER COVE,SEMINOLE,SWEETWATER COVE_SEMINOLE
LW,SYLVAN,SEMINOLE,SYLVAN_SEMINOLE
LW,TONY,SEMINOLE,TONY_SEMINOLE
LW,TRIPLET MIDDLE,SEMINOLE,TRIPLET MIDDLE_SEMINOLE
LW,TRIPLET NORTH,SEMINOLE,TRIPLET NORTH_SEMINOLE
LW,TRIPLET SOUTH,SEMINOLE,TRIPLET SOUTH_SEMINOLE
LW,TWIN,SEMINOLE,TWIN_SEMINOLE
LW,TWIN EAST,SEMINOLE,TWIN EAST_SEMINOLE
LW,WEKIVA,SEMINOLE,WEKIVA_SEMINOLE
LW,WEST,SEMINOLE,WEST_SEMINOLE
LW,WEST CRYSTAL,SEMINOLE,WEST CRYSTAL_SEMINOLE
LW,WEST PEARL,SEMINOLE,WEST PEARL_SEMINOLE
LW,WILDMERE,SEMINOLE,WILDMERE_SEMINOLE
LW,WILDWOOD,SEMINOLE,WILDWOOD_SEMINOLE
LW,WILLA,SEMINOLE,WILLA_SEMINOLE
LW,WOODLAKE,SEMINOLE,WOODLAKE_SEMINOLE
LW,WOODS,SEMINOLE,WOODS_SEMINOLE
LW,YVONNE,SEMINOLE,YVONNE_SEMINOLE
LW,YVONNE-2,SEMINOLE,YVONNE-2_SEMINOLE
LW,BIG GANT,SUMTER,BIG GANT_SUMTER
LW,SILVER,SUMTER,SILVER_SUMTER
LW,TOWNSEN,SUMTER,TOWNSEN_SUMTER
LW,LOWE,SUWANNEE,LOWE_SUWANNEE
LW,WHITE,SUWANNEE,WHITE_SUWANNEE
LW,ANDREWS,TAYLOR,ANDREWS_TAYLOR
LW,JAYCEE POND,TAYLOR,JAYCEE POND_TAYLOR
LW,BASSWOOD,VOLUSIA,BASSWOOD_VOLUSIA
LW,BERESFORD,VOLUSIA,BERESFORD_VOLUSIA
LW,BETHEL,VOLUSIA,BETHEL_VOLUSIA
LW,BIG,VOLUSIA,BIG_VOLUSIA
LW,BLUE SPRINGS LAGOON,VOLUSIA,BLUE SPRINGS LAGOON_VOLUSIA
LW,BROKEN ARROW,VOLUSIA,BROKEN ARROW_VOLUSIA
LW,CAIN,VOLUSIA,CAIN_VOLUSIA
LW,CHARLES,VOLUSIA,CHARLES_VOLUSIA
LW,CLOUGH,VOLUSIA,CLOUGH_VOLUSIA
LW,COLBY,VOLUSIA,COLBY_VOLUSIA
LW,DAYTONA,VOLUSIA,DAYTONA_VOLUSIA
LW,DUPONT SOUTH,VOLUSIA,DUPONT SOUTH_VOLUSIA
LW,EMPORIA,VOLUSIA,EMPORIA_VOLUSIA
LW,LAPANOCIA,VOLUSIA,LAPANOCIA_VOLUSIA
LW,LINDLEY,VOLUSIA,LINDLEY_VOLUSIA
LW,LORRAINE,VOLUSIA,LORRAINE_VOLUSIA
LW,LOWER LOUISE,VOLUSIA,LOWER LOUISE_VOLUSIA
LW,MARIE,VOLUSIA,MARIE_VOLUSIA
LW,MC KENZIE,VOLUSIA,MC KENZIE_VOLUSIA
LW,MCGARITY,VOLUSIA,MCGARITY_VOLUSIA
LW,MOLLY,VOLUSIA,MOLLY_VOLUSIA
LW,ODOM,VOLUSIA,ODOM_VOLUSIA
LW,OFFSPRING,VOLUSIA,OFFSPRING_VOLUSIA
LW,PINE,VOLUSIA,PINE_VOLUSIA
LW,REED CANAL,VOLUSIA,REED CANAL_VOLUSIA
LW,SABAL CREEK-1,VOLUSIA,SABAL CREEK-1_VOLUSIA
LW,SABAL CREEK-2,VOLUSIA,SABAL CREEK-2_VOLUSIA
LW,SABAL CREEK-3,VOLUSIA,SABAL CREEK-3_VOLUSIA
LW,SAWYER,VOLUSIA,SAWYER_VOLUSIA
LW,SHAW,VOLUSIA,SHAW_VOLUSIA
LW,SHELBY,VOLUSIA,SHELBY_VOLUSIA
LW,SPRING GARDEN,VOLUSIA,SPRING GARDEN_VOLUSIA
LW,SWEETGUM,VOLUSIA,SWEETGUM_VOLUSIA
LW,TEDDER,VOLUSIA,TEDDER_VOLUSIA
LW,THERESA,VOLUSIA,THERESA_VOLUSIA
LW,THREE ISLAND,VOLUSIA,THREE ISLAND_VOLUSIA
LW,TIVOLI,VOLUSIA,TIVOLI_VOLUSIA
LW,TROUT,VOLUSIA,TROUT_VOLUSIA
LW,UPPER LOUISE,VOLUSIA,UPPER LOUISE_VOLUSIA
LW,WATERFORD,VOLUSIA,WATERFORD_VOLUSIA
LW,WINNEMISSETT,VOLUSIA,WINNEMISSETT_VOLUSIA
LW,DAVIS,WAKULLA,DAVIS_WAKULLA
LW,ELLEN,WAKULLA,ELLEN_WAKULLA
LW,NAMELESS POND,WAKULLA,NAMELESS POND_WAKULLA
LW,OTTER,WAKULLA,OTTER_WAKULLA
LW,ALLEN,WALTON,ALLEN_WALTON
LW,ALLIGATOR,WALTON,ALLIGATOR_WALTON
LW,BACK,WALTON,BACK_WALTON
LW,BIG RED FISH,WALTON,BIG RED FISH_WALTON
LW,CAMP CREEK,WALTON,CAMP CREEK_WALTON
LW,CAMPBELL,WALTON,CAMPBELL_WALTON
LW,DEER,WALTON,DEER_WALTON
LW,DRAPER,WALTON,DRAPER_WALTON
LW,EASTERN,WALTON,EASTERN_WALTON
LW,EASTERN NORTH,WALTON,EASTERN NORTH_WALTON
LW,FOX,WALTON,FOX_WALTON
LW,FULLER,WALTON,FULLER_WALTON
LW,GRAYTON,WALTON,GRAYTON_WALTON
LW,HAVEN,WALTON,HAVEN_WALTON
LW,JUNIPER WEST,WALTON,JUNIPER WEST_WALTON
LW,KING,WALTON,KING_WALTON
LW,LITTLE RED FISH,WALTON,LITTLE RED FISH_WALTON
LW,MORRIS,WALTON,MORRIS_WALTON
LW,OYSTER,WALTON,OYSTER_WALTON
LW,POWELL,WALTON,POWELL_WALTON
LW,SHORTLINE 1,WALTON,SHORTLINE 1_WALTON
LW,SHORTLINE 2,WALTON,SHORTLINE 2_WALTON
LW,SHORTLINE 3,WALTON,SHORTLINE 3_WALTON
LW,SPRING,WALTON,SPRING_WALTON
LW,STALLWORTH,WALTON,STALLWORTH_WALTON
LW,STANLEY,WALTON,STANLEY_WALTON
LW,STEWART,WALTON,STEWART_WALTON
LW,TRESCA,WALTON,TRESCA_WALTON
LW,WESTERN,WALTON,WESTERN_WALTON
LW,WESTERN NORTHEAST,WALTON,WESTERN NORTHEAST_WALTON
LW,WILSON,WALTON,WILSON_WALTON
LW,BLUE,WASHINGTON,BLUE_WASHINGTON
LW,BREAM,WASHINGTON,BREAM_WASHINGTON
LW,GAP,WASHINGTON,GAP_WASHINGTON
LW,GIN,WASHINGTON,GIN_WASHINGTON
LW,LITTLE RIVER,WASHINGTON,LITTLE RIVER_WASHINGTON
LW,RATTLESNAKE,WASHINGTON,RATTLESNAKE_WASHINGTON
LW,LOWERY,CLAY,LOWERY_CLAY
LW,MAGNOLIA,CLAY,MAGNOLIA_CLAY
LW,ALLIGATOR,COLUMBIA,ALLIGATOR_COLUMBIA
LW,MEDARD RESERVOIR,HILLSBOROUGH,MEDARD RESERVOIR_HILLSBOROUGH
LW,SADDLEBACK,HILLSBOROUGH,SADDLEBACK_HILLSBOROUGH
LW,TOWNSEND,LAFAYETTE,TOWNSEND_LAFAYETTE
LW,DORA,LAKE,DORA_LAKE
LW,ALYSSA,LEON,ALYSSA_LEON
LW,MACLAY,LEON,MACLAY_LEON
LW,MILLDAM,MARION,MILLDAM_MARION
LW,FARRAH,ORANGE,FARRAH_ORANGE
LW,IVANHOE,ORANGE,IVANHOE_ORANGE
LW,CLEAR,PASCO,CLEAR_PASCO
LW,IOLA,PASCO,IOLA_PASCO
LW,LOYCE,PASCO,LOYCE_PASCO
LW,THOMAS,POLK,THOMAS_POLK
LW,CRESCENT,PUTNAM,CRESCENT_PUTNAM
LW,JAMES,SAINTLUCIE,JAMES_SAINTLUCIE
LW,MONROE,SEMINOLE,MONROE_SEMINOLE
LW,ORIENTA,SEMINOLE,ORIENTA_SEMINOLE
LW,JUNIPER,WALTON,JUNIPER_WALTON
LW,LITTLE REDFISH,WALTON,LITTLE REDFISH_WALTON
FWC,BIVENS ARM,ALACHUA,BIVENS ARM_ALACHUA
FWC,ECONFINA CREEK,BAY,ECONFINA CREEK_BAY
FWC,CRANES CREEK,BREVARD,CRANES CREEK_BREVARD
FWC,HILDA,CALHOUN,HILDA_CALHOUN
FWC,BLACK CREEK,CLAY,BLACK CREEK_CLAY
FWC,BROOKLYN,CLAY,BROOKLYN_CLAY
FWC,DOCTORS,CLAY,DOCTORS_CLAY
FWC,JOHNSON,CLAY,JOHNSON_CLAY
FWC,KINGSLEY,CLAY,KINGSLEY_CLAY
FWC,DESOTO,COLUMBIA,DESOTO_COLUMBIA
FWC,CEDAR RIVER,DUVAL,CEDAR RIVER_DUVAL
FWC,JULINGTON CREEK,DUVAL,JULINGTON CREEK_DUVAL
FWC,LEE ADAMS POND,DUVAL,LEE ADAMS POND_DUVAL
FWC,ORTEGA RIVER,DUVAL,ORTEGA RIVER_DUVAL
FWC,RIBAULT RIVER,DUVAL,RIBAULT RIVER_DUVAL
FWC,PERDIDO RIVER,ESCAMBIA,PERDIDO RIVER_ESCAMBIA
FWC,DEAD,FLAGLER,DEAD_FLAGLER
FWC,WATERS,GILCHRISAINT,WATERS_GILCHRISAINT
FWC,DEADS,GULF,DEADS_GULF
FWC,WIMICO,GULF,WIMICO_GULF
FWC,ALAPAHA RIVER,HAMILTON,ALAPAHA RIVER_HAMILTON
FWC,ISTOKPOGA CANAL,HIGHLANDS,ISTOKPOGA CANAL_HIGHLANDS
FWC,PEMBERTON CREEK,HILLSBOROUGH,PEMBERTON CREEK_HILLSBOROUGH
FWC,TAMPA BYPASS CANAL,HILLSBOROUGH,TAMPA BYPASS CANAL_HILLSBOROUGH
FWC,COMPASS,JACKSON,COMPASS_JACKSON
FWC,ROUND,JACKSON,ROUND_JACKSON
FWC,DINA,LAKE,DINA_LAKE
FWC,LITTLE HARRIS,LAKE,LITTLE HARRIS_LAKE
FWC,MUD,LAKE,MUD_LAKE
FWC,WILLAIMEE,LAKE,WILLAIMEE_LAKE
FWC,WACCASASSA RIVER,LEVY,WACCASASSA RIVER_LEVY
FWC,WEKIVA RIVER,LEVY,WEKIVA RIVER_LEVY
FWC,MANATEE,MANATEE,MANATEE_MANATEE
FWC,JUNIPER SPRINGS,MARION,JUNIPER SPRINGS_MARION
FWC,LITTLE JUMPER,MARION,LITTLE JUMPER_MARION
FWC,LITTLE WEIR,MARION,LITTLE WEIR_MARION
FWC,LOU,MARION,LOU_MARION
FWC,SILVER GLEN SPRINGS,MARION,SILVER GLEN SPRINGS_MARION
FWC,WARNER (L. KERR),MARION,WARNER (L. KERR)_MARION
FWC,SHOAL RIVER,OKALOOSA,SHOAL RIVER_OKALOOSA
FWC,AJAY,OSCEOLA,AJAY_OSCEOLA
FWC,BOGGY CREEK,OSCEOLA,BOGGY CREEK_OSCEOLA
FWC,MANGONIA,PALM BEACH,MANGONIA_PALM BEACH
FWC,CREWS,PASCO,CREWS_PASCO
FWC,PITHLACHASCOTTE RIVER,PASCO,PITHLACHASCOTTE RIVER_PASCO
FWC,ALLIGATOR,PINELLAS,ALLIGATOR_PINELLAS
FWC,SAWGRASS,PINELLAS,SAWGRASS_PINELLAS
FWC,TARPON OUTFALL CANAL,PINELLAS,TARPON OUTFALL CANAL_PINELLAS
FWC,TAYLOR PARK,PINELLAS,TAYLOR PARK_PINELLAS
FWC,WALSINGHAM RESERVOIR,PINELLAS,WALSINGHAM RESERVOIR_PINELLAS
FWC,BONNET,POLK,BONNET_POLK
FWC,LITTLE HAMILTON,POLK,LITTLE HAMILTON_POLK
FWC,MIDDLE HAMILTON,POLK,MIDDLE HAMILTON_POLK
FWC,MOODY,POLK,MOODY_POLK
FWC,PATRICK (LEONORE),POLK,PATRICK (LEONORE)_POLK
FWC,RUBY,POLK,RUBY_POLK
FWC,STAR,POLK,STAR_POLK
FWC,STREETY,POLK,STREETY_POLK
FWC,ZIPPER CREEK,POLK,ZIPPER CREEK_POLK
FWC,COWPEN,PUTNAM,COWPEN_PUTNAM
FWC,CRESCENT,PUTNAM,CRESCENT_PUTNAM
FWC,DUNNS CREEK,PUTNAM,DUNNS CREEK_PUTNAM
FWC,LITTLE GEORGE,PUTNAM,LITTLE GEORGE_PUTNAM
FWC,BEAR,SANTA ROSA,BEAR_SANTA ROSA
FWC,BOILING CREEK,SANTA ROSA,BOILING CREEK_SANTA ROSA
FWC,ESCAMBIA RIVER,SANTA ROSA,ESCAMBIA RIVER_SANTA ROSA
FWC,YELLOW RIVER,SANTA ROSA,YELLOW RIVER_SANTA ROSA
FWC,BLACK,SUMTER,BLACK_SUMTER
FWC,BLUE SPRING,TAYLOR,BLUE SPRING_TAYLOR
FWC,FENHOLLOWAY RIVER,TAYLOR,FENHOLLOWAY RIVER_TAYLOR
FWC,STEINHATCHEE RIVER,TAYLOR,STEINHATCHEE RIVER_TAYLOR
FWC,FISHER,UNION,FISHER_UNION
FWC,BERESFORD,VOLUSIA,BERESFORD_VOLUSIA
FWC,GEORGE,VOLUSIA,GEORGE_VOLUSIA
FWC,GOPHER SLOUGH,VOLUSIA,GOPHER SLOUGH_VOLUSIA
FWC,SPRING GARDEN,VOLUSIA,SPRING GARDEN_VOLUSIA
FWC,TICK ISLAND MUD,VOLUSIA,TICK ISLAND MUD_VOLUSIA
FWC,ELLEN,WAKULLA,ELLEN_WAKULLA
FWC,OCHLOCKONEE RIVER,WAKULLA,OCHLOCKONEE RIVER_WAKULLA
FWC,OTTER,WAKULLA,OTTER_WAKULLA
FWC,SOPCHOPPY RIVER,WAKULLA,SOPCHOPPY RIVER_WAKULLA
FWC,JACKSON,WALTON,JACKSON_WALTON
FWC,STANLEY,WALTON,STANLEY_WALTON
FWC,GAP POND,WASHINGTON,GAP POND_WASHINGTON
FWC,HOLMES CREEK,WASHINGTON,HOLMES CREEK_WASHINGTON
FWC,PATE,WASHINGTON,PATE_WASHINGTON
